repo,stars,new-stars-last-30d,new-stars-last-14d,new-stars-last-7d,new-stars-last-24H,stars-per-mille-30d,days-last-star,days-last-commit,days-since-creation,mentionable-users,language,archived,liveness,unique-contributors,new-commits-last-30d,tag
Bubka/2FAuth,3130,304,233,215,4,97.125,0,36,2261,16,PHP,false,66.000,0,0,Miscellaneous
RARgames/4gaBoards,263,16,6,4,0,60.837,2,4,918,41,JavaScript,false,61.000,2,24,Task Management & To-do Lists
doublespeakgames/adarkroom,7662,48,19,15,4,6.265,0,61,4403,120,JavaScript,false,35.000,0,0,Games
mirego/accent,1415,17,9,4,0,12.014,1,20,2683,158,Elixir,false,33.000,3,8,Software Development
acp-admin/acp-admin,55,0,0,0,0,0.000,50,2,3105,4,Ruby,false,50.000,1,37,Community-Supported Agriculture (CSA)
activepieces/activepieces,15940,514,217,113,22,32.246,0,0,964,282,TypeScript,false,100.000,39,4692,Automation
ActivityWatch/activitywatch,14854,267,139,81,9,17.975,0,163,3374,27,Python,false,62.000,0,0,Time Tracking
actualbudget/actual,20382,1027,284,169,36,50.388,0,0,1182,339,TypeScript,false,100.000,29,64,"Money, Budgeting & Management"
AdguardTeam/AdGuardHome,29328,493,220,106,17,16.810,0,12,3304,201,Go,false,84.000,4,9,DNS
Admidio/admidio,388,7,1,1,0,18.041,3,0,3852,38,PHP,false,72.000,2,30,Human Resources Management (HRM)
vrana/adminer,6928,64,28,12,1,9.238,0,35,5569,167,PHP,false,46.000,0,0,Database Management
seanmorley15/AdventureLog,1859,376,301,62,3,202.259,0,14,481,30,Svelte,false,70.000,1,1,Maps and Global Positioning System (GPS)
toeverything/AFFiNE,53555,1764,650,335,36,32.938,0,2,1088,177,TypeScript,false,100.000,17,291,Knowledge Management Tools
aimeos/aimeos,4760,81,32,15,4,17.017,0,2,2874,5,JavaScript,false,92.000,1,2,E-commerce
johanohly/AirTrail,585,29,14,7,1,49.573,0,62,353,11,TypeScript,false,35.000,0,0,Maps and Global Positioning System (GPS)
akaunting/akaunting,8981,277,217,55,7,30.843,0,2,2954,101,PHP,false,100.000,3,18,"Money, Budgeting & Management"
alephdata/aleph,2189,18,8,3,1,8.223,0,10,3983,63,JavaScript,false,53.000,1,9,Search Engines
Ardakilic/alerthub,220,3,2,1,0,13.636,6,81,2640,9,JavaScript,false,12.000,0,0,Miscellaneous
alfio-event/alf.io,1500,11,2,1,0,7.333,3,16,4015,58,Java,false,28.000,1,5,Booking and Scheduling
Alfresco/alfresco-community-repo,176,9,2,0,0,51.136,9,3,1828,430,Java,false,47.000,12,101,Content Management Systems (CMS)
xyproto/algernon,2927,12,5,3,1,4.100,0,0,3788,14,Go,false,78.000,1,9,Web Servers
lanedirt/AliasVault,1193,186,71,36,5,155.909,0,0,419,2,C#,false,100.000,2,272,Password Managers
ampache/ampache,3675,14,5,3,0,3.810,2,0,4507,124,PHP,false,76.000,3,335,Media Streaming
melmothx/amusewiki,197,3,2,1,0,15.228,1,30,4162,13,Perl,false,18.000,0,0,Wikis
muety/anchr,340,4,3,1,0,11.765,1,44,3171,5,JavaScript,false,18.000,0,0,Miscellaneous
anonaddy/anonaddy,3926,74,36,12,0,18.849,1,29,2224,10,PHP,false,50.000,1,1,Communication
DaveStephens/ansible-nas,3507,31,12,6,2,8.839,0,71,2886,79,Jinja,false,35.000,0,0,Self-hosting Solutions
answerdev/answer,14682,130,71,37,5,8.854,0,7,1029,107,Go,false,90.000,2,21,Communication
antville/antville,82,1,0,0,0,12.195,28,52,3763,5,JavaScript,false,8.000,0,0,Blogging Platforms
anycable/anycable,2131,27,11,4,0,12.670,1,15,3245,30,Go,false,37.000,1,3,Communication
Mintplex-Labs/anything-llm,46957,1413,707,329,36,30.091,0,0,781,164,JavaScript,false,100.000,14,54,Generative Artificial Intelligence (GenAI)
apache/airflow,41216,577,297,196,21,13.999,0,0,3754,3386,Python,false,100.000,133,789,Automation
apache/solr,1431,22,9,4,0,15.374,1,0,1612,428,Java,false,85.000,16,42,Search Engines
oupala/apaxy,1896,5,4,1,0,2.637,4,287,4655,30,Shell,false,12.000,0,0,File Transfer
apostrophecms/apostrophe,4465,19,12,5,0,4.255,1,0,4548,111,JavaScript,false,77.000,6,16,Content Management Systems (CMS)
AppFlowy-IO/appflowy,64550,650,277,149,19,10.070,0,10,1498,367,Dart,false,84.000,2,3,Task Management & To-do Lists
caronc/apprise,14048,313,112,45,7,22.281,0,17,2797,91,Python,false,78.000,2,11,Communication
appsmithorg/appsmith,37504,264,111,61,11,7.039,0,1,1850,339,TypeScript,false,100.000,13,41,Software Development
appwrite/appwrite,51960,564,233,115,18,10.855,0,0,2298,359,TypeScript,false,100.000,17,278,Software Development
aptabase/aptabase,1403,31,13,9,0,22.096,2,22,851,8,TypeScript,false,37.000,2,10,Analytics
ArchiveBox/ArchiveBox,24296,208,107,53,8,8.561,0,65,3002,125,Python,false,62.000,0,0,Archiving and Digital Preservation (DP)
archivesspace/archivesspace,374,1,1,0,0,2.674,9,12,4760,96,Ruby,false,35.000,8,60,Archiving and Digital Preservation (DP)
ArtalkJS/Artalk,1977,35,14,7,0,17.704,1,44,2486,33,Go,false,31.000,0,0,Communication
asciinema/asciinema-server,2380,8,4,2,1,3.361,0,1,5250,46,Elixir,false,72.000,1,83,Miscellaneous
asterisk/asterisk,2676,63,34,20,3,23.543,0,1,3756,240,C,false,100.000,11,26,Communication
Atheos/Atheos,554,7,5,3,2,12.635,0,49,2138,90,JavaScript,false,28.000,0,0,Software Development
atomicdata-dev/atomic-server,1325,35,12,6,0,26.415,1,9,1845,16,TypeScript,false,55.000,3,28,Knowledge Management Tools
AtsumeruDev/Atsumeru,137,11,5,1,0,80.292,1,9,963,2,Java,false,38.000,1,3,Document Management
advplyr/audiobookshelf,9458,318,148,75,16,33.622,0,0,1436,272,JavaScript,false,100.000,27,147,Media Streaming
izderadicka/audioserve,774,3,2,2,0,3.876,1,32,2756,10,Rust,false,18.000,0,0,Media Streaming
macarooni-man/auto-mcs,284,9,4,1,0,31.690,1,3,805,2,Python,false,48.000,1,18,Games
automatisch/automatisch,12714,1279,185,100,5,100.598,0,0,1392,30,JavaScript,false,100.000,7,220,Automation
eldy/awstats,403,6,3,3,0,14.888,3,127,3631,54,Perl,false,12.000,0,0,Analytics
azimuttapp/azimutt,1924,32,22,16,12,16.632,0,16,1430,15,Elm,false,52.000,1,1,Database Management
AzuraCast/AzuraCast,3440,29,16,8,2,8.430,0,0,3371,57,PHP,false,95.000,3,75,Media Streaming
babybuddy/babybuddy,2439,33,19,10,2,13.530,0,74,2831,91,Python,false,35.000,0,0,Miscellaneous
backdrop/backdrop,1016,6,2,2,0,5.906,4,3,4354,239,PHP,false,44.000,6,9,Content Management Systems (CMS)
bagisto/bagisto,19932,692,227,127,40,34.718,0,9,2509,213,PHP,false,100.000,1,29,E-commerce
karlomikus/bar-assistant,829,26,14,9,1,31.363,0,3,1024,6,PHP,false,71.000,1,15,Recipe Management
sabre-io/Baikal,2791,39,13,5,1,13.973,0,98,4895,60,PHP,false,35.000,0,0,Calendar & Contacts
daya0576/beaverhabits,1310,52,25,14,1,39.695,0,0,499,9,Python,false,96.000,2,16,Time Tracking
mariocandela/beelzebub,1318,139,59,38,23,105.463,0,0,1172,5,Go,false,100.000,2,7,Miscellaneous
beetbox/beets,13649,108,54,28,5,7.913,0,4,5462,503,Python,false,100.000,7,110,Media Streaming
bencherdev/bencher,720,12,5,1,0,16.667,5,8,1824,14,MDX,false,42.000,2,17,Software Development
bewcloud/bewcloud,837,107,18,7,2,127.838,0,3,495,8,TypeScript,false,67.000,1,2,File Transfer & Synchronization
knrdl/bicimon,60,2,1,1,0,33.333,4,1195,1205,1,HTML,false,12.000,0,0,Maps and Global Positioning System (GPS)
bigbluebutton/bigbluebutton,8848,36,19,11,2,4.069,0,0,5539,220,JavaScript,false,95.000,16,179,Communication
bigcapitalhq/bigcapital,2886,38,12,5,0,13.167,1,21,1401,23,TypeScript,false,41.000,1,14,"Money, Budgeting & Management"
bigtreecms/BigTree-CMS,220,2,0,0,0,9.091,21,115,4864,14,PHP,false,4.000,0,0,Content Management Systems (CMS)
w4/bin,549,19,11,6,2,34.608,0,60,2355,10,Rust,false,31.000,0,0,Pastebins
querwurzel/BinPastes,6,1,1,1,0,166.667,1,46,969,2,Java,false,16.000,0,0,Pastebins
sjdonado/bit,39,5,1,0,0,128.205,10,107,1501,1,Crystal,false,7.000,0,0,URL Shorteners
bitcart/bitcart,685,20,10,8,1,29.197,0,7,2334,14,Python,false,57.000,1,16,"Money, Budgeting & Management"
bitmagnet-io/bitmagnet,3195,58,26,12,2,18.153,0,23,660,28,Go,false,50.000,1,1,Archiving and Digital Preservation (DP)
fsinfuhh/Bitpoll,274,3,2,1,1,10.949,0,242,2934,19,Python,false,22.000,0,0,Polls and Events
webtorrent/bittorrent-tracker,1855,13,6,4,0,7.008,1,185,4138,68,JavaScript,false,21.000,0,0,File Transfer
bitwarden/server,16880,195,87,44,7,11.552,0,0,3530,204,C#,false,100.000,31,100,Password Managers
blackcandy-org/black_candy,3823,204,182,173,54,53.361,0,14,2724,6,Ruby,false,90.000,1,28,Media Streaming
blinko-space/blinko,5108,815,379,96,6,159.554,0,2,273,39,TypeScript,false,100.000,7,44,Note-taking & Editors
0xERR0R/blocky,5484,82,39,18,2,14.953,0,0,2087,67,Go,false,100.000,2,17,DNS
bludit/bludit,1339,11,8,4,0,8.215,5,333,3790,83,JavaScript,false,21.000,0,0,Content Management Systems (CMS)
bluecherrydvr/bluecherry-apps,241,3,1,0,0,12.448,8,24,5271,27,C++,false,19.000,2,9,Video Surveillance
TheWicklowWolf/BookBounty,236,6,2,2,0,25.424,6,6,614,2,Python,false,32.000,1,1,Automation
Mozzo1000/booklogr,379,61,25,15,0,160.950,1,1,486,1,JavaScript,false,80.000,1,133,Document Management
BookStackApp/BookStack,17035,229,121,49,8,13.443,0,0,3616,183,PHP,false,100.000,1,45,Wikis
bookwyrm-social/bookwyrm,2487,17,4,3,0,6.836,1,8,2005,115,Python,false,46.000,6,24,Document Management
evroon/bracket,1357,110,55,11,0,81.061,1,0,957,10,Python,false,100.000,2,25,Polls and Events
ndom91/briefkasten,1091,15,10,4,0,13.749,4,76,1176,8,JavaScript,false,21.000,0,0,Bookmarks and Link Sharing
btcpayserver/btcpayserver,6895,77,38,26,4,11.168,0,2,2896,173,C#,false,100.000,9,48,"Money, Budgeting & Management"
georgemandis/bubo-rss,211,0,0,0,0,0.000,33,184,2065,4,TypeScript,false,0.000,0,0,Feed Readers
buddypress/BuddyPress,234,0,0,0,0,0.000,95,95,4484,18,PHP,false,0.000,0,0,Communication
Budibase/budibase,25103,340,211,72,10,13.544,0,0,2238,103,TypeScript,false,100.000,16,787,Software Development
bugsink/bugsink,890,92,51,30,4,103.371,0,0,337,6,Python,false,100.000,4,104,Ticketing
bugzilla/bugzilla,764,10,3,3,0,13.089,2,303,4151,91,Perl,false,12.000,0,0,Ticketing
jarun/Buku,6792,56,30,13,2,8.245,0,23,3552,71,Python,false,52.000,2,2,Bookmarks and Link Sharing
bunkerity/bunkerweb,8796,435,100,44,5,49.454,0,15,2164,39,Python,false,80.000,5,93,Web Servers
bytebase/bytebase,12785,171,66,38,6,13.375,0,0,1639,92,Go,false,100.000,10,255,Database Management
jordan-dalby/ByteStash,1552,53,26,13,3,34.149,0,12,280,11,TypeScript,false,62.000,3,5,Pastebins
caddyserver/caddy,65742,725,373,186,26,11.028,0,0,3844,335,Go,false,100.000,12,13,Web Servers
calcom/cal.com,37282,586,256,125,18,15.718,0,0,1584,801,TypeScript,false,100.000,43,287,Booking and Scheduling
janeczku/calibre-web,15035,204,86,45,11,13.568,0,25,3643,238,Fluent,false,74.000,1,7,Document Management
kovidgoyal/calibre,22012,337,173,93,10,15.310,0,0,4439,339,Python,false,100.000,7,154,Document Management
instructure/canvas-lms,6108,57,25,11,0,9.332,1,0,5287,394,Ruby,false,90.000,75,728,Learning and Courses
IceWhaleTech/CasaOS,30696,450,263,105,16,14.660,0,23,1397,26,Go,false,72.000,1,1,Self-hosting Solutions
centrifugal/centrifugo,9155,111,72,26,4,12.125,0,1,3767,44,Go,false,100.000,3,13,Communication
chamilo/chamilo-lms,870,8,3,0,0,9.195,7,0,4499,73,PHP,false,67.000,6,240,Learning and Courses
dgtlmoon/changedetection.io,24852,343,181,83,10,13.802,0,8,1638,106,Python,false,92.000,3,28,Automation
TheWicklowWolf/ChannelTube,223,8,5,3,0,35.874,5,1,643,2,Python,false,54.000,1,3,Media Management
chartbrew/chartbrew,3370,412,53,39,2,122.255,0,0,2155,20,JavaScript,false,100.000,1,35,Database Management
chartdb/chartdb,17494,443,130,66,15,25.323,0,0,353,65,TypeScript,false,100.000,2,23,Database Management
chaskiq/chaskiq,3379,18,10,6,1,5.327,0,279,2613,24,TypeScript,false,31.000,0,0,Communication
chatwoot/chatwoot,24620,495,226,106,18,20.106,0,0,2171,282,Ruby,false,100.000,12,79,Communication
chevereto/chevereto,735,17,8,3,0,23.129,4,4,966,5,PHP,false,53.000,2,2,Photo Galleries
SinTan1729/chhoto-url,316,21,7,4,0,66.456,2,0,976,9,Rust,false,85.000,2,150,URL Shorteners
chibisafe/chibisafe,2231,45,16,7,3,20.170,0,18,3114,55,TypeScript,false,47.000,2,2,File Transfer
chiefonboarding/ChiefOnboarding,786,11,5,4,0,13.995,1,2,1836,15,Python,false,58.000,1,8,Automation
devrsi0n/chirpy,586,3,1,1,0,5.119,2,23,1333,6,TypeScript,false,22.000,1,1,Communication
jeremyckahn/chitchatter,1910,44,10,6,0,23.037,1,1,1081,16,TypeScript,false,67.000,3,9,Communication
rhee876527/chiyogami,51,7,1,0,0,137.255,7,11,173,1,HTML,false,33.000,1,12,Pastebins
Wingysam/Christmas-Community,361,5,2,0,0,13.850,7,19,1409,29,TypeScript,false,19.000,3,4,Polls and Events
xenocrat/chyrp-lite,441,2,1,0,0,4.535,8,61,4084,13,PHP,false,7.000,0,0,Blogging Platforms
ckan/ckan,4771,40,16,12,2,8.384,0,0,5004,316,Python,false,95.000,6,22,Archiving and Digital Preservation (DP)
ClaperCo/Claper,592,23,9,6,0,38.851,1,7,1097,15,Elixir,false,55.000,2,25,Polls and Events
clearflask/clearflask,371,8,4,2,0,21.563,4,16,1451,3,TypeScript,false,24.000,1,7,Polls and Events
MacWarrior/clipbucket-v5,121,3,2,1,0,24.793,6,1,2663,30,JavaScript,false,62.000,2,29,Media Streaming
Sathvik-Rao/ClipCascade,891,33,20,13,1,37.037,0,168,325,1,Python,false,35.000,0,0,Miscellaneous
ipv6rslimited/cloudseeder,160,8,4,2,0,50.000,2,44,452,2,Shell,false,18.000,0,0,Self-hosting Solutions
dbeaver/cloudbeaver,4087,75,36,14,1,18.351,0,0,1931,77,TypeScript,false,100.000,16,56,Database Management
magicbug/cloudlog,513,7,4,1,0,13.645,5,6,5203,103,PHP,false,48.000,2,17,Miscellaneous
farfalleflickan/cmyflix,176,2,2,1,0,11.364,2,194,1301,1,C,false,12.000,0,0,Media Streaming
cncjs/cncjs,2434,13,6,1,0,5.341,5,34,3624,41,JavaScript,false,27.000,0,0,Manufacturing
Cockpit-HQ/Cockpit,474,10,4,3,0,21.097,1,0,1646,14,PHP,false,72.000,1,34,Content Management Systems (CMS)
coder/code-server,73056,818,311,171,24,11.197,0,1,2338,247,TypeScript,false,100.000,6,19,Software Development
coder/coder,10487,390,135,74,13,37.189,0,0,1310,208,Go,false,100.000,35,306,Software Development
collectiveaccess/providence,329,4,3,2,0,12.158,1,17,4817,49,PHP,false,32.000,2,25,Archiving and Digital Preservation (DP)
Athou/commafeed,3127,33,13,7,0,10.553,2,0,4508,95,Java,false,85.000,2,98,Feed Readers
ComposioHQ/composio,25577,239,117,49,11,9.344,0,0,516,14,TypeScript,false,100.000,12,208,Software Development
concretecms/concretecms,800,3,0,0,0,3.750,19,22,4110,264,PHP,false,24.000,3,36,Content Management Systems (CMS)
contao/contao,382,9,5,5,0,23.560,5,7,2535,109,PHP,false,42.000,13,102,Content Management Systems (CMS)
conversejs/converse.js,3148,11,6,5,2,3.494,0,35,4751,289,JavaScript,false,37.000,0,0,Communication
C4illin/ConvertX,6299,3652,3457,3421,653,579.775,0,1,472,17,TypeScript,false,100.000,4,24,Miscellaneous
convos-chat/convos,1117,7,4,1,0,6.267,1,167,4253,29,Perl,false,12.000,0,0,Communication
9001/copyparty,1348,74,35,26,4,54.896,0,2,2250,18,Python,false,100.000,2,29,File Transfer
coralproject/talk,1949,7,2,2,1,3.592,0,6,3187,70,TypeScript,false,58.000,2,17,Communication
coreshop/CoreShop,287,0,0,0,0,0.000,91,0,3782,76,PHP,false,60.000,5,65,E-commerce
cortezaproject/corteza,1843,24,8,6,2,13.022,0,20,2255,31,Go,false,47.000,2,8,Customer Relationship Management (CRM)
azukaar/cosmos-Server,4874,306,229,202,30,62.782,0,109,893,16,JavaScript,false,65.000,0,0,Self-hosting Solutions
CouchCMS/CouchCMS,362,1,1,1,0,2.762,1,75,3809,11,PHP,false,10.000,0,0,Content Management Systems (CMS)
Countly/countly-server,5718,17,9,5,2,2.973,0,0,4804,87,JavaScript,false,91.000,12,203,Analytics
craftcms/cms,3457,15,11,8,1,4.339,0,0,3099,239,PHP,false,91.000,11,715,Content Management Systems (CMS)
cryptpad/cryptpad,6683,106,50,26,3,15.861,0,14,3918,134,JavaScript,false,70.000,5,79,Office Suites
cstate/cstate,2740,19,8,4,0,6.934,3,139,3023,64,HTML,false,21.000,0,0,Status / Uptime pages
Kshitij-Banerjee/Cubiks-2048,25,0,0,0,0,0.000,581,4064,4132,1,JavaScript,false,0.000,0,0,Games
OpenPrinting/cups,1318,32,18,7,0,24.279,1,0,1784,116,C,false,85.000,9,94,Miscellaneous
gchq/CyberChef,31960,380,164,79,11,11.890,0,0,3159,186,JavaScript,false,100.000,1,5,Miscellaneous
cypht-org/cypht,1141,21,4,3,0,18.405,3,1,4177,95,PHP,false,70.000,10,47,Communication
cyrusimap/cyrus-imapd,591,4,2,1,0,6.768,2,0,3354,104,C,false,72.000,7,92,Communication
calzoneman/sync,1525,6,6,3,0,3.934,1,151,4541,26,JavaScript,false,17.000,0,0,Media Streaming
dagu-org/dagu,2409,108,26,17,4,44.832,0,0,1188,51,Go,false,100.000,5,77,Automation
emanuelef/daily-stars-explorer,234,14,3,1,0,59.829,6,2,670,2,JavaScript,false,58.000,1,9,Analytics
PhiTux/DailyTxT,288,8,4,1,0,27.778,1,7,1685,7,Vue,false,34.000,1,2,Note-taking & Editors
webreaper/damselfly,1671,19,7,3,0,11.370,2,197,2124,4,C#,false,21.000,0,0,Photo Galleries
dashpresshq/dashpress,1860,2,1,0,0,1.075,12,214,1073,9,TypeScript,false,7.000,0,0,Software Development
lissy93/dashy,21957,817,640,558,28,37.209,0,1,1606,145,Vue,false,100.000,7,35,Personal Dashboards
balzack/databag,1264,219,35,15,0,173.259,1,0,1311,13,TypeScript,false,100.000,2,52,Communication
securitybunker/databunker,1312,5,2,1,1,3.811,0,36,2054,5,Go,false,28.000,0,0,Database Management
simonw/datasette,10207,72,35,15,3,7.054,0,8,2831,78,Python,false,70.000,1,1,Database Management
tchapi/davis,494,15,11,5,0,30.364,1,4,2094,12,PHP,false,53.000,2,4,Calendar & Contacts
mguessan/davmail,645,9,7,6,0,13.953,1,17,2597,1,Java,false,33.000,1,11,Communication
Freika/dawarich,5825,438,321,275,23,75.193,0,0,486,34,Ruby,false,100.000,2,157,Maps and Global Positioning System (GPS)
debops/debops,1331,9,3,2,0,6.762,2,268,2888,158,Jinja,false,12.000,0,0,Communication
depayfi/widgets,103,1,0,0,0,9.709,23,10,1758,5,JavaScript,false,24.000,1,10,"Money, Budgeting & Management"
diaspora/diaspora,13583,28,14,2,1,2.061,0,31,5426,368,Ruby,false,41.000,0,0,Communication
MichaIng/DietPi,5383,60,21,10,1,11.146,0,24,3784,114,Shell,false,52.000,1,3,Self-hosting Solutions
langgenius/dify,108238,4082,1956,927,154,37.713,0,0,834,902,TypeScript,false,100.000,102,358,Software Development
DirectoryLister/DirectoryLister,2386,17,8,4,0,7.125,2,34,5271,41,PHP,false,27.000,0,0,File Transfer
directus/directus,31768,859,225,89,15,27.040,0,0,4607,463,TypeScript,false,100.000,17,187,Database Management
Cybrarist/Discount-Bandit,467,25,3,1,0,53.533,2,30,748,4,PHP,false,26.000,0,0,Automation
discourse/discourse,44627,298,146,78,14,6.678,0,0,4576,940,Ruby,false,100.000,44,435,Communication
dittofeed/dittofeed,2400,51,13,6,1,21.250,0,0,1027,24,TypeScript,false,95.000,3,57,Automation
DjangoCRM/django-crm,326,27,9,5,1,82.822,0,0,395,12,Python,false,95.000,3,78,Customer Relationship Management (CRM)
django-wiki/django-wiki,1882,5,1,0,0,2.657,13,83,4754,116,Python,false,7.000,0,0,Wikis
jhpyle/docassemble,861,11,5,1,0,12.776,1,43,3750,52,Python,false,22.000,0,0,Polls and Events
docat-org/docat,856,8,4,3,2,9.346,0,29,2084,20,TypeScript,false,34.000,1,2,Miscellaneous
docker-mailserver/docker-mailserver,16776,181,87,40,2,10.789,0,12,3770,319,Shell,false,82.000,3,3,Communication
GhostWriters/DockSTARTer,2442,17,4,1,0,6.962,2,0,2616,74,Shell,false,76.000,3,123,Self-hosting Solutions
docmost/docmost,16464,582,330,233,20,35.350,0,2,720,34,TypeScript,false,100.000,4,28,Wikis
suitenumerique/docs,12809,166,74,23,1,12.960,0,0,561,42,Python,false,100.000,14,129,Note-taking & Editors
eikek/docspell,1833,16,9,5,2,8.729,0,1,2199,41,Elm,false,81.000,3,30,Document Management
documenso/documenso,11314,235,130,93,44,20.771,0,0,864,123,TypeScript,false,100.000,6,43,Document Management
documize/community,2275,21,8,4,1,9.231,0,204,3372,27,JavaScript,false,35.000,0,0,Wikis
docusealco/docuseal,9547,264,200,157,4,27.653,0,2,751,4,Ruby,false,100.000,2,67,Document Management
dokuwiki/dokuwiki,4366,39,17,9,1,8.933,0,1,5680,591,PHP,false,81.000,7,16,Wikis
Dolibarr/dolibarr,6294,110,47,22,3,17.477,0,0,5141,707,PHP,false,100.000,42,489,Resource Planning
DOMjudge/domjudge,815,8,3,1,0,9.816,6,8,4341,74,PHP,false,42.000,8,42,Miscellaneous
domoticz/domoticz,3599,14,7,2,0,3.890,1,16,3630,382,C++,false,33.000,1,7,Internet of Things (IoT)
donetick/donetick,904,145,111,85,8,160.398,0,3,388,12,Go,false,98.000,1,12,Task Management & To-do Lists
dovecot/core,1085,16,10,8,2,14.747,0,2,3514,110,C,false,81.000,8,69,Communication
DarrenOfficial/dpaste,572,1,0,0,0,1.748,15,15,5227,31,Python,false,12.000,1,1,Pastebins
corecode/dma,241,3,2,1,0,12.448,6,117,4999,34,C,false,12.000,0,0,Communication
jgraph/drawio,1994,193,92,47,8,96.790,0,1,3242,32,JavaScript,false,100.000,1,5,Note-taking & Editors
dreamfactorysoftware/dreamfactory,1642,17,7,4,1,10.353,0,14,3737,21,Shell,false,47.000,2,12,Software Development
teleclimber/Dropserver,68,2,0,0,0,29.412,22,26,2372,2,Go,false,16.000,1,8,Self-hosting Solutions
apache/druid,13771,28,13,8,0,2.033,1,0,4656,654,Java,false,85.000,22,99,Analytics
DSpace/DSpace,992,11,3,1,0,11.089,1,0,4877,237,Java,false,76.000,10,180,Document Management
filipecarneiro/ELabel,30,2,1,1,0,66.667,4,37,602,4,JavaScript,false,18.000,0,0,Community-Supported Agriculture (CSA)
alextselegidis/easyappointments,3787,59,26,9,1,15.580,0,142,3892,87,PHP,false,40.000,0,0,Booking and Scheduling
easy-wi/developer,237,0,0,0,0,0.000,49,88,4356,42,PHP,false,0.000,0,0,Games
eclipse/che,7065,15,6,3,0,2.123,1,2,3772,164,TypeScript,false,63.000,4,7,Software Development
jortilles/EDA,153,5,3,2,0,32.680,2,2,2030,13,TypeScript,false,62.000,3,26,Analytics
EGroupware/egroupware,272,2,2,0,0,7.353,12,0,3359,31,PHP,false,67.000,4,72,Groupware
processone/ejabberd,6350,47,33,21,3,7.402,0,0,5644,155,Erlang,false,100.000,5,56,Communication
elabftw/elabftw,1132,16,5,4,0,14.134,2,7,4604,50,PHP,false,46.000,2,21,Content Management Systems (CMS)
elastic/elasticsearch,73319,361,187,91,9,4.924,0,0,5644,3788,Java,false,100.000,125,747,Search Engines
vector-im/element-web,11943,99,47,23,1,8.289,0,0,3655,584,TypeScript,false,100.000,19,118,Communication
Elgg/Elgg,1658,4,2,1,0,2.413,6,2,5799,80,PHP,false,62.000,2,41,Communication
LukeSmithxyz/emailwiz,2003,19,9,3,0,9.486,2,80,2249,42,Shell,false,21.000,0,0,Communication
emqx/emqx,15035,101,38,17,2,6.718,0,0,4601,142,Erlang,false,100.000,11,343,Internet of Things (IoT)
CorentinTh/enclosed,1525,74,45,38,2,48.525,0,1,335,21,TypeScript,false,92.000,3,4,File Transfer
joaovitoriasilva/endurain,1184,60,30,14,2,50.676,0,1,636,20,Python,false,90.000,7,487,Health and Fitness
engity-com/bifroest,52,3,1,0,0,57.692,8,5,388,6,Go,false,43.000,1,12,Remote Access
NuSkooler/enigma-bbs,590,8,0,0,0,13.559,14,150,3557,26,JavaScript,false,4.000,0,0,Communication
ente-io/ente,20703,932,305,110,17,45.018,0,0,996,208,Dart,false,100.000,22,692,Photo Galleries
eprints/eprints3.4,39,0,0,0,0,0.000,59,13,2683,16,Perl,false,22.000,3,4,Document Management
ergochat/ergo,2866,21,10,4,0,7.327,1,27,3390,54,Go,false,37.000,1,3,Communication
frappe/erpnext,27115,1309,999,195,38,48.276,0,1,5160,634,Python,false,100.000,31,324,Resource Planning
erxes/erxes,3659,24,5,1,1,6.559,0,0,3177,153,TypeScript,false,90.000,10,96,Ticketing
KL-Psychological-Methodology/ESMira,17,0,0,0,0,0.000,56,0,2101,8,unknown,false,52.000,2,7,Miscellaneous
jonschoning/espial,848,7,5,3,0,8.255,2,61,2662,7,Haskell,false,12.000,0,0,Bookmarks and Link Sharing
espocrm/espocrm,2366,86,37,18,0,36.348,0,0,3954,50,PHP,false,100.000,5,158,Customer Relationship Management (CRM)
ether/etherpad-lite,17578,68,25,16,2,3.868,0,7,5233,307,TypeScript,false,70.000,6,26,Office Suites
evcc-io/evcc,4892,155,77,50,6,31.684,0,0,2056,406,Go,false,100.000,27,112,Internet of Things (IoT)
ever-co/ever-gauzy,3101,123,27,11,3,39.665,0,0,2243,90,TypeScript,false,100.000,7,73,Time Tracking
evergreen-library-system/Evergreen,137,0,0,0,0,0.000,35,2,5182,124,PLpgSQL,false,50.000,17,67,Document Management
evershopcommerce/evershop,5291,99,44,24,2,18.711,0,13,1540,38,JavaScript,false,80.000,3,68,E-commerce
jonashellmann/everydocs-core,272,7,5,3,0,25.735,4,1,2251,1,Ruby,false,54.000,1,2,Document Management
evidence-dev/evidence,5414,113,26,16,2,20.872,0,124,1519,63,JavaScript,false,40.000,0,0,Database Management
tanq16/expenseowl,1054,88,69,57,0,83.491,1,3,253,6,HTML,false,90.000,3,41,"Money, Budgeting & Management"
thomas4019/expressa,445,1,0,0,0,2.247,29,220,3367,6,JavaScript,false,2.000,0,0,Content Management Systems (CMS)
mayswind/ezbookkeeping,899,114,84,56,9,126.808,0,1,1741,10,Go,false,100.000,1,62,"Money, Budgeting & Management"
nymanjens/facto,284,16,5,4,1,56.338,0,2,3782,4,Scala,false,68.000,1,4,"Money, Budgeting & Management"
farmOS/farmOS,1088,10,2,1,0,9.191,2,15,4187,37,PHP,false,32.000,2,27,Resource Planning
fastenhealth/fasten-onprem,2355,55,19,7,2,23.355,0,0,1066,26,Go,false,95.000,3,41,Health and Fitness
beancount/fava,2176,16,8,3,1,7.353,0,2,3519,100,Python,false,77.000,6,18,"Money, Budgeting & Management"
featbit/featbit,1564,18,7,3,0,11.509,1,19,1060,33,C#,false,31.000,1,1,Software Development
fcrepo/fcrepo,225,3,1,1,0,13.333,3,6,4553,60,Java,false,44.000,3,5,Document Management
Qolors/FeedCord,229,10,5,1,0,43.668,6,22,648,4,C#,false,22.000,1,1,Feed Readers
cristoper/feedmixer,207,2,1,0,0,9.662,7,43,3023,1,Python,false,13.000,0,0,Automation
ncarlier/feedpushr,371,3,2,2,0,8.086,3,82,2699,6,Go,false,12.000,0,0,Feed Readers
Tiendil/feeds.fun,240,56,52,9,1,233.333,0,6,847,1,Python,false,96.000,1,12,Feed Readers
revenz/fenrus,680,10,6,4,0,14.706,1,174,1256,15,JavaScript,false,17.000,0,0,Personal Dashboards
codelibs/fess,1050,5,3,1,1,4.762,0,0,4332,36,Java,false,82.000,1,26,Search Engines
getfider/fider,3644,90,47,36,2,24.698,0,4,3109,53,Go,false,82.000,4,8,Polls and Events
filebrowser/filebrowser,30488,786,286,134,18,25.781,0,2,3603,201,Go,false,100.000,16,111,File Transfer
filegator/filegator,2544,70,15,8,4,27.516,0,22,2232,47,PHP,false,47.000,1,3,File Transfer
axeloz/filesharing,245,1,0,0,0,4.082,26,293,2926,5,PHP,false,2.000,0,0,File Transfer
mickael-kerjean/filestash,11870,433,322,280,29,36.479,0,3,2963,70,JavaScript,false,100.000,2,29,File Transfer
firefly-iii/firefly-iii,19849,335,169,106,17,16.877,0,0,4044,164,PHP,false,100.000,3,66,"Money, Budgeting & Management"
mozilla/fxa,646,4,3,2,1,6.192,0,0,3703,210,TypeScript,false,82.000,16,231,Bookmarks and Link Sharing
firezone/firezone,7423,89,47,32,4,11.990,0,0,1919,47,Elixir,false,100.000,5,231,Remote Access
flagsmith/flagsmith,5792,75,35,22,4,12.949,0,0,2605,99,Python,false,100.000,14,75,Software Development
flarum/flarum,15894,70,33,16,1,4.404,0,83,3858,32,PHP,false,50.000,0,0,Communication
AndrewPaglusch/FlashPaper,454,5,3,1,0,11.013,2,250,2995,7,PHP,false,12.000,0,0,Pastebins
dullage/flatnotes,2220,69,33,20,2,31.081,0,34,1450,15,Vue,false,56.000,0,0,Note-taking & Editors
flatpressblog/flatpress,195,2,1,0,0,10.256,13,3,4329,12,PHP,false,43.000,2,17,Blogging Platforms
BelledonneCommunications/flexisip,168,4,1,1,0,23.810,2,1,3712,24,C++,false,62.000,3,31,Communication
flipt-io/flipt,4464,36,13,9,3,8.065,0,0,3183,64,Go,false,95.000,3,47,Software Development
flowforge/flowforge,334,5,3,1,0,14.970,2,0,1485,31,JavaScript,false,72.000,7,209,Internet of Things (IoT)
fluidd-core/fluidd,1575,13,4,3,0,8.254,1,3,1772,134,Vue,false,48.000,2,4,Manufacturing
flyimg/flyimg,1127,7,2,0,0,6.211,7,20,3425,19,PHP,false,19.000,2,5,Miscellaneous
mattermost/focalboard,23894,251,118,70,13,10.505,0,42,1751,271,TypeScript,false,68.000,0,0,Task Management & To-do Lists
foodcoopshop/foodcoopshop,105,1,1,0,0,9.524,13,0,3254,17,PHP,false,65.000,3,102,Community-Supported Agriculture (CSA)
foodcoops/foodsoft,339,1,1,1,0,2.950,4,14,6041,44,Ruby,false,22.000,2,9,Community-Supported Agriculture (CSA)
mikebgrep/fork.recipes,55,0,0,0,0,0.000,38,27,244,1,HTML,false,12.000,2,5,Recipe Management
formbricks/formbricks,10993,186,97,41,5,16.920,0,0,1144,277,TypeScript,false,100.000,22,104,Polls and Events
forwardemail/forwardemail.net,1220,42,16,7,1,34.426,0,0,2045,35,JavaScript,false,95.000,3,153,Communication
FOSSBilling/FOSSBilling,1087,32,11,5,0,29.439,2,1,1163,93,PHP,false,75.000,4,41,"Money, Budgeting & Management"
frappe/helpdesk,2545,92,64,41,4,36.149,0,6,1372,108,Vue,false,100.000,3,72,Ticketing
frappe/hrms,3378,787,674,623,433,232.978,0,1,1141,234,Python,false,100.000,6,66,Human Resources Management (HRM)
freescout-helpdesk/freescout,3628,60,30,22,4,16.538,0,2,2588,84,PHP,false,90.000,2,29,Ticketing
signalwire/freeswitch,4222,85,43,29,3,20.133,0,1,2464,149,C,false,100.000,3,50,Communication
FreshRSS/FreshRSS,12004,228,102,53,3,18.994,0,0,4658,312,PHP,false,100.000,6,29,Feed Readers
friendica/friendica,1574,6,1,1,0,3.812,1,1,5008,13,PHP,false,62.000,8,48,Communication
blakeblackshear/frigate,24012,567,267,141,10,23.613,0,1,2370,417,TypeScript,false,100.000,16,59,Video Surveillance
apioo/fusio,1988,11,6,4,3,5.533,0,3,3647,3,PHP,false,63.000,1,6,Software Development
0x2E/fusion,1700,40,12,9,1,23.529,0,25,505,15,Go,false,47.000,2,3,Feed Readers
fusionpbx/fusionpbx,882,9,1,0,0,10.204,8,0,3676,209,PHP,false,67.000,6,106,Communication
jech/galene,1086,22,13,8,1,20.258,0,14,1677,18,Go,false,47.000,1,3,Communication
galette/galette,59,0,0,0,0,0.000,33,8,4573,111,PHP,false,30.000,6,31,"Money, Budgeting & Management"
Phalcode/gamevault-backend,270,3,1,0,0,11.111,7,136,754,3,TypeScript,false,7.000,0,0,Games
Zibbp/ganymede,758,21,12,9,1,27.704,0,2,1127,13,Go,false,85.000,3,51,Archiving and Digital Preservation (DP)
gaseous-project/gaseous-server,622,19,6,2,0,30.547,5,6,890,3,C#,false,53.000,2,2,Games
lowercasename/gathio,384,5,1,1,0,13.021,5,20,2190,22,JavaScript,false,28.000,3,13,Polls and Events
TwiN/gatus,7771,198,113,70,14,25.479,0,3,2150,123,Go,false,98.000,6,14,Status / Uptime pages
genea-app/genea-app,235,4,1,0,0,17.021,9,1218,1570,1,JavaScript,false,7.000,0,0,Genealogy
geneweb/geneweb,348,4,1,1,0,11.494,6,3,4272,36,OCaml,false,52.000,6,50,Genealogy
noandrea/geo2tz,83,1,0,0,0,12.048,14,53,1905,3,Go,false,8.000,0,0,Maps and Global Positioning System (GPS)
gerbera/gerbera,1276,13,7,4,0,10.188,2,1,4001,93,C++,false,67.000,2,11,Media Streaming
GerritCodeReview/gerrit,1088,18,9,5,1,16.544,0,0,3513,360,Java,false,91.000,17,207,Software Development
TryGhost/Ghost,49964,476,209,99,14,9.527,0,0,4463,685,JavaScript,false,100.000,30,390,Blogging Platforms
ghostfolio/ghostfolio,6165,217,144,122,22,35.199,0,0,1562,207,TypeScript,false,100.000,28,165,"Money, Budgeting & Management"
vladkens/ghstats,157,3,1,0,0,19.108,12,158,363,2,Rust,false,7.000,0,0,Analytics
GibbonEdu/core,540,6,4,3,0,11.111,2,34,4333,45,PHP,false,18.000,0,0,Learning and Courses
gitbucket/gitbucket,9274,18,8,6,0,1.941,1,0,4487,178,Scala,false,81.000,2,22,Software Development
go-gitea/gitea,49701,564,228,124,13,11.348,0,0,3187,1480,Go,false,100.000,29,127,Software Development
BreizhHardware/ntfy_alerts,36,5,0,0,0,138.889,16,38,510,2,Rust,false,10.000,0,0,Automation
jgm/gitit,2216,4,1,0,0,1.805,9,111,6103,60,Haskell,false,7.000,0,0,Wikis
GladysAssistant/Gladys,2840,10,6,3,0,3.521,1,12,3701,55,JavaScript,false,39.000,3,5,Internet of Things (IoT)
glanceapp/glance,26405,1055,401,270,83,39.955,0,44,452,68,Go,false,76.000,0,0,Personal Dashboards
globaleaks/whistleblowing-software,1367,19,7,2,0,13.899,1,7,4710,45,Python,false,51.000,2,73,Communication
glowing-bear/glowing-bear,961,0,0,0,0,0.000,60,9,4539,80,JavaScript,false,22.000,1,4,Communication
yusing/godoxy,2310,360,35,20,1,155.844,0,3,511,5,Go,false,86.000,2,18,Web Servers
thomaspoignant/go-feature-flag,1696,20,9,8,1,11.792,0,1,1685,74,Go,false,81.000,4,107,Software Development
allinurl/goaccess,19553,122,56,29,7,6.239,0,22,4393,161,C,false,78.000,3,11,Analytics
arp242/goatcounter,5045,48,27,15,3,9.514,0,0,2249,56,Go,false,100.000,2,27,Analytics
gogs/gogs,46672,185,96,61,17,3.964,0,21,4180,494,Go,false,74.000,1,4,Software Development
Forceu/gokapi,2162,190,151,19,3,87.882,0,5,1595,11,Go,false,92.000,1,3,File Transfer
gollum/gollum,14081,52,20,11,1,3.693,0,51,5595,197,Ruby,false,41.000,0,0,Wikis
sentriz/gonic,1965,37,7,4,0,18.830,5,16,2308,50,Go,false,37.000,1,2,Media Streaming
majodev/google-webfonts-helper,12556,43,13,7,1,3.425,0,143,3867,9,TypeScript,false,35.000,0,0,Miscellaneous
gophish/gophish,12883,136,64,34,3,10.557,0,304,4265,50,Go,false,60.000,0,0,Miscellaneous
Depado/goploader,294,1,0,0,0,3.401,22,6,3532,11,JavaScript,false,34.000,1,8,File Transfer
pldubouilh/gossa,995,11,7,5,1,11.055,0,3,2507,15,Go,false,61.000,1,1,File Transfer
stv0g/gose,239,1,0,0,0,4.184,17,10,1233,2,Go,false,22.000,1,1,File Transfer
gotenberg/gotenberg,9678,201,100,60,7,20.769,0,3,2679,59,Go,false,98.000,2,11,Document Management
gotify/server,13071,205,79,38,8,15.684,0,13,2746,38,Go,false,84.000,3,4,Communication
superseriousbusiness/gotosocial,4157,14,7,6,0,3.368,2,1,1607,139,Go,false,71.000,5,21,Communication
gramps-project/gramps-web-api,113,3,0,0,0,26.549,14,7,1805,25,Python,false,26.000,2,2,Genealogy
verifid/graph-vl,64,0,0,0,0,0.000,45,281,2162,1,Python,false,0.000,0,0,Miscellaneous
graphhopper/graphhopper,5909,53,19,5,0,8.969,1,5,4904,115,Java,false,57.000,3,7,Maps and Global Positioning System (GPS)
exogee-technology/graphweaver,528,4,0,0,0,7.576,22,0,1067,19,TypeScript,false,64.000,3,79,Software Development
goniszewski/grimoire,2498,28,18,10,0,11.209,1,54,762,12,TypeScript,false,31.000,0,0,Bookmarks and Link Sharing
gristlabs/grist-core,8685,180,62,35,4,20.725,0,0,1889,115,TypeScript,false,100.000,22,190,Office Suites
grocy/grocy,7946,219,99,53,8,27.561,0,46,3021,87,Blade,false,68.000,0,0,Resource Planning
Intermesh/groupoffice,229,2,1,1,0,8.734,1,0,2694,19,PHP,false,72.000,4,113,Groupware
JeromeDevome/GRR,90,0,0,0,0,0.000,93,0,3653,22,PHP,false,60.000,4,33,"Money, Budgeting & Management"
apache/guacamole-server,3445,48,19,9,3,13.933,0,34,3411,70,C,false,41.000,0,0,Remote Access
HabitRPG/habitica,13090,120,52,24,4,9.167,0,1,4795,904,JavaScript,false,100.000,6,15,Miscellaneous
halo-dev/halo,36107,249,120,55,13,6.896,0,1,2681,140,Java,false,100.000,8,29,Software Development
TheNickOfTime/handbrake-web,451,11,3,3,0,24.390,4,2,428,1,TypeScript,false,58.000,1,3,Automation
haraka/Haraka,5337,34,18,7,2,6.371,0,17,5249,179,JavaScript,false,47.000,2,4,Communication
hasura/graphql-engine,31619,53,26,13,2,1.676,0,0,2593,562,TypeScript,false,100.000,10,57,Software Development
importantimport/hatsu,204,1,0,0,0,4.902,16,111,736,7,Rust,false,2.000,0,0,Communication
havenweb/haven,711,6,4,3,0,8.439,4,1,1647,7,Ruby,false,52.000,1,1,Blogging Platforms
rembo10/headphones,3532,40,19,12,1,11.325,0,52,5178,128,Python,false,41.000,0,0,Media Management
healthchecks/healthchecks,9192,207,107,24,4,22.520,0,2,3681,98,Python,false,92.000,1,6,Automation
hedgedoc/hedgedoc,6265,115,61,27,2,18.356,0,16,2310,163,TypeScript,false,70.000,1,1,Note-taking & Editors
linuxserver/Heimdall,8519,80,34,19,5,9.391,0,1,2735,82,PHP,false,100.000,3,41,Personal Dashboards
HemmeligOrg/Hemmelig.app,902,13,10,5,1,14.412,0,29,1501,36,JavaScript,false,43.000,1,2,Pastebins
heyform/heyform,8261,92,39,9,1,11.137,0,108,491,24,TypeScript,false,50.000,0,0,Polls and Events
HiEventsDev/hi.events,3024,66,34,18,3,21.825,0,1,639,24,PHP,false,96.000,3,17,Booking and Scheduling
ashwin-pc/hiccup,174,3,2,0,0,17.241,9,297,1858,2,TypeScript,false,7.000,0,0,Personal Dashboards
hitobito/hitobito,422,4,2,1,0,9.479,5,0,4376,61,Ruby,false,72.000,9,155,Polls and Events
stephane-r/holoplay-pwa,111,3,1,0,0,27.027,9,366,878,5,TypeScript,false,7.000,0,0,Media Streaming
homarr-labs/homarr,1118,155,68,34,5,138.640,0,0,593,25,TypeScript,false,100.000,8,175,Personal Dashboards
home-assistant/core,80327,636,284,135,21,7.918,0,0,4328,4298,Python,false,100.000,185,1155,Internet of Things (IoT)
sysadminsmedia/homebox,3332,274,78,34,5,82.233,0,1,401,197,Go,false,100.000,14,192,Inventory Management
progmaticltd/homebox,491,5,2,0,0,10.183,9,373,3055,12,Shell,false,7.000,0,0,Communication
xemle/home-gallery,976,17,5,5,0,17.418,1,91,1674,11,JavaScript,false,16.000,0,0,Photo Galleries
gethomepage/homepage,24969,589,253,125,22,23.589,0,0,1065,410,JavaScript,false,100.000,8,14,Personal Dashboards
tomershvueli/homepage,316,0,0,0,0,0.000,58,1536,3245,2,JavaScript,false,0.000,0,0,Personal Dashboards
bastienwirtz/homer,10377,144,64,28,3,13.877,0,1,2597,131,Vue,false,100.000,1,4,Personal Dashboards
homeserverhq/hshq,33,5,4,0,0,151.515,9,5,972,1,Shell,false,43.000,1,15,Self-hosting Solutions
hoppscotch/hoppscotch,73127,769,451,209,54,10.516,0,10,2163,277,TypeScript,false,100.000,8,24,Software Development
danielbrendel/hortusfox-web,1106,38,19,5,1,34.358,0,0,668,18,PHP,false,95.000,1,34,Miscellaneous
danpros/htmly,1209,13,6,2,0,10.753,3,5,4229,61,PHP,false,57.000,2,16,Blogging Platforms
knrdl/hubleys-dashboard,90,5,2,1,0,55.556,1,2,951,4,TypeScript,false,62.000,2,44,Personal Dashboards
huginn/huginn,46885,393,220,86,8,8.382,0,123,4519,230,Ruby,false,62.000,0,0,Automation
hcengineering/platform,21949,360,172,97,8,16.402,0,0,1451,101,TypeScript,false,100.000,14,194,Software Development
humhub/humhub,6478,25,11,7,1,3.859,0,7,4182,159,PHP,false,57.000,4,10,Communication
TeamHypersomnia/Hypersomnia,1282,16,7,4,0,12.480,1,0,4395,13,C++,false,81.000,3,116,Games
juspay/hyperswitch,22464,1526,581,538,259,67.931,0,0,1010,265,Rust,false,100.000,40,150,"Money, Budgeting & Management"
hyphanet/fred,1079,6,3,0,0,5.561,8,17,5934,81,Java,false,27.000,5,49,Communication
mkucej/i-librarian-free,302,0,0,0,0,0.000,40,5,1933,2,PHP,false,30.000,1,1,Document Management
misterunknown/ifm,356,3,2,1,0,8.427,2,46,4237,10,JavaScript,false,18.000,0,0,File Transfer
spiral-project/ihatemoney,1289,14,5,3,1,10.861,0,176,5250,183,Python,false,26.000,0,0,"Money, Budgeting & Management"
ILIAS-eLearning/ILIAS,435,5,2,1,0,11.494,1,0,3816,143,PHP,false,72.000,19,87,Learning and Courses
imgproxy/imgproxy,9721,69,36,14,2,7.098,0,6,2955,105,Go,false,86.000,2,17,Proxy
damongolding/immich-kiosk,937,50,25,13,2,53.362,0,2,383,14,Go,false,90.000,2,146,Photo Galleries
immich-app/immich,71021,2154,1002,500,77,30.329,0,0,1266,1385,TypeScript,false,100.000,32,264,Photo Galleries
indico/indico,1919,17,9,3,0,8.859,6,0,5110,113,Python,false,81.000,11,38,Conference Management
UCL-INGI/INGInious,223,0,0,0,0,0.000,50,80,4007,58,Python,false,0.000,0,0,Learning and Courses
deck9/input,228,3,3,1,0,13.158,4,167,1407,13,PHP,false,12.000,0,0,Polls and Events
inspircd/inspircd,1248,11,8,3,0,8.814,1,9,4872,76,C++,false,43.000,1,10,Communication
inveniosoftware/invenio-app-rdm,125,2,0,0,0,16.000,14,0,2254,214,JavaScript,false,64.000,10,34,Document Management
inventree/InvenTree,5215,114,54,30,2,21.860,0,0,3045,106,Python,false,100.000,8,155,Inventory Management
iv-org/invidious,17615,161,78,36,5,9.140,0,56,2724,340,Crystal,false,66.000,0,0,Media Streaming
invoiceninja/invoiceninja,8993,89,51,25,4,9.897,0,144,4257,79,PHP,false,60.000,0,0,"Money, Budgeting & Management"
InvoicePlane/InvoicePlane,2755,22,17,8,1,7.985,0,1,4081,120,PHP,false,77.000,2,2,"Money, Budgeting & Management"
InvoiceShelf/InvoiceShelf,1275,64,41,24,1,50.196,0,42,544,117,PHP,false,56.000,0,0,"Money, Budgeting & Management"
ioBroker/ioBroker,1337,5,2,1,0,3.740,6,47,3998,30,Shell,false,18.000,0,0,Internet of Things (IoT)
yarrick/iodine,6584,63,37,19,0,9.569,1,71,4918,33,C,false,40.000,0,0,Proxy
Sanster/IOPaint,21889,241,105,52,5,11.010,0,86,1346,19,Python,false,60.000,0,0,Generative Artificial Intelligence (GenAI)
iredmail/iRedMail,1655,20,6,2,1,12.085,0,6,2054,16,Shell,false,63.000,1,3,Communication
Islandora/islandora,155,0,0,0,0,0.000,43,0,5356,18,PHP,false,52.000,3,3,Document Management
dmunozv04/iSponsorBlockTV,3090,66,29,14,4,21.359,0,54,1285,24,Python,false,46.000,0,0,Miscellaneous
posativ/isso,5174,8,2,0,0,1.546,7,6,4662,122,Python,false,39.000,2,4,Communication
itflow-org/itflow,740,25,16,14,3,33.784,0,32,2324,25,PHP,false,41.000,0,0,Ticketing
meetecho/janus-gateway,8726,54,23,12,2,6.188,0,1,4180,300,C,false,86.000,5,14,Communication
jaesivsm/JARR,126,1,1,1,0,7.937,6,8,4059,6,Python,false,30.000,1,1,Feed Readers
Jipok/Jauth,92,2,1,0,0,21.739,12,128,839,1,Go,false,7.000,0,0,Web Servers
jellyfin/jellyfin,41536,674,331,171,23,16.227,0,0,2419,1270,C#,false,100.000,41,84,Media Streaming
Fallenbagel/jellyseerr,5708,212,99,56,12,37.141,0,0,1233,330,TypeScript,false,100.000,6,14,Media Management
bayang/jelu,527,16,8,3,0,30.361,3,0,1351,17,Kotlin,false,81.000,4,32,Miscellaneous
jina-ai/jina,21665,56,29,10,3,2.585,0,121,1987,178,Python,false,40.000,0,0,Search Engines
jitsi/jitsi-meet,25978,206,87,48,5,7.930,0,0,4237,517,TypeScript,false,100.000,15,81,Communication
jitsi/jitsi-videobridge,2990,10,7,2,0,3.344,3,7,4473,97,Kotlin,false,39.000,3,8,Communication
joomla/joomla-cms,4941,11,7,5,2,2.226,0,0,5049,811,PHP,false,87.000,8,15,Content Management Systems (CMS)
laurent22/joplin,50441,647,249,128,16,12.827,0,0,3110,661,TypeScript,false,100.000,14,146,Note-taking & Editors
jsxc/jsxc,729,1,0,0,0,1.372,23,349,4208,36,TypeScript,false,2.000,0,0,Communication
judge0/judge0,3370,83,36,18,1,24.629,0,34,3099,17,HTML,false,56.000,0,0,Software Development
juntagrico/juntagrico,53,2,1,1,1,37.736,0,12,3035,34,Python,false,44.000,2,4,Community-Supported Agriculture (CSA)
jupyterlab/jupyterlab,14709,69,30,13,4,4.691,0,3,3337,595,TypeScript,false,80.000,13,25,Software Development
miawinter98/just-short-it,51,2,1,0,0,39.216,8,298,830,1,HTML,false,7.000,0,0,URL Shorteners
kamailio/kamailio,2522,31,13,8,2,12.292,0,0,4243,317,C,false,95.000,13,177,Communication
kanboard/kanboard,9045,67,28,21,2,7.407,0,1,4197,352,PHP,false,82.000,3,7,Task Management & To-do Lists
Casvt/Kapowarr,640,31,14,6,1,48.438,0,18,1085,8,Python,false,47.000,1,7,Document Management
karakeep-app/karakeep,18678,686,315,169,28,36.728,0,2,533,120,TypeScript,false,100.000,8,80,Bookmarks and Link Sharing
Kareadita/Kavita,8456,302,156,83,13,35.714,0,8,1684,192,C#,false,92.000,5,22,Document Management
pentacent/keila,1743,34,11,6,0,19.507,1,14,1664,21,Elixir,false,41.000,1,15,Communication
rajnandan1/kener,4127,92,52,14,1,22.292,0,13,600,26,Svelte,false,82.000,2,4,Status / Uptime pages
kestra-io/kestra,19989,735,358,173,40,36.770,0,0,2160,185,Java,false,100.000,28,324,Automation
keygen-sh/keygen-api,1152,23,12,4,1,19.965,0,8,3391,8,Gherkin,false,57.000,1,6,Miscellaneous
keystonejs/keystone,9632,39,15,7,3,4.049,0,0,2666,262,TypeScript,false,95.000,4,26,Content Management Systems (CMS)
khoj-ai/khoj,30593,292,124,57,10,9.545,0,4,1438,57,Python,false,100.000,3,92,Generative Artificial Intelligence (GenAI)
kibitzr/kibitzr,687,5,3,2,1,7.278,0,79,3253,21,Python,false,22.000,0,0,Automation
killbill/killbill,4967,54,24,12,2,10.872,0,0,4658,45,Java,false,92.000,4,7,"Money, Budgeting & Management"
kimai/kimai,3923,83,27,14,3,21.157,0,19,3198,286,PHP,false,52.000,2,3,Time Tracking
Kinto/kinto,4370,4,1,1,0,0.915,1,0,3801,126,Python,false,64.000,3,5,File Transfer & Synchronization
getkirby/kirby,1408,9,4,3,0,6.392,1,9,2847,68,PHP,false,38.000,6,16,Content Management Systems (CMS)
TomBursch/kitchenowl,2480,634,595,27,2,255.645,0,6,1632,158,Dart,false,100.000,5,47,Recipe Management
kiwiirc/kiwiirc,913,7,4,3,0,7.667,5,116,3154,37,Vue,false,12.000,0,0,Communication
kiwix/kiwix-tools,600,13,10,1,0,21.667,6,40,3187,39,C++,false,27.000,0,0,Document Management
jonashaag/klaus,691,0,0,0,0,0.000,42,373,5161,25,Python,false,0.000,0,0,Software Development
idno/known,1093,1,0,0,0,0.915,19,42,4566,66,PHP,false,8.000,0,0,Blogging Platforms
ynuwenhof/koblas,142,5,3,1,0,35.211,5,311,1050,2,Rust,false,12.000,0,0,Proxy
xbmc/xbmc,19662,226,73,41,8,11.494,0,0,5315,917,C++,false,100.000,17,147,Media Streaming
koel/koel,16607,110,59,21,0,6.624,0,9,3517,84,PHP,false,80.000,3,70,Media Streaming
Koha-Community/Koha,521,1,0,0,0,1.919,23,0,4689,308,Perl,false,62.000,31,290,Document Management
benjaminjonard/koillection,891,19,8,5,0,21.324,3,1,2637,11,PHP,false,67.000,2,13,Miscellaneous
gotson/komga,5124,111,44,23,2,21.663,0,8,2176,159,Kotlin,false,80.000,3,47,Document Management
Kong/kong,41363,273,124,63,13,6.600,0,0,3901,408,Lua,false,100.000,4,8,Software Development
kottster/kottster,381,31,7,5,2,81.365,0,20,367,2,TypeScript,false,47.000,1,7,Database Management
krayin/laravel-crm,15888,643,207,116,43,40.471,0,13,1509,37,PHP,false,100.000,4,66,Customer Relationship Management (CRM)
kresusapp/kresus,321,6,4,2,0,18.692,4,1,4009,34,TypeScript,false,54.000,1,8,"Money, Budgeting & Management"
tontof/kriss_feed,283,0,0,0,0,0.000,73,191,4793,23,PHP,false,0.000,0,0,Feed Readers
seeroy/kubek-minecraft-dashboard,116,1,1,1,0,8.621,4,149,1330,3,JavaScript,false,10.000,0,0,Games
thedevs-network/kutt,9957,145,80,63,6,14.563,0,90,2717,54,JavaScript,false,62.000,0,0,URL Shorteners
kuvasz-uptime/kuvasz,164,116,52,18,2,707.317,0,3,1832,4,Kotlin,false,96.000,3,20,Status / Uptime pages
zoriya/kyoo,2121,28,12,7,2,13.201,0,0,2181,36,TypeScript,false,95.000,6,71,Media Streaming
getlago/lago,7954,223,69,22,6,28.036,0,2,1242,36,Go,false,100.000,4,6,"Money, Budgeting & Management"
lancachenet/monolithic,819,14,13,3,0,17.094,1,151,2408,24,Shell,false,21.000,0,0,Games
langfuse/langfuse,14068,1101,528,302,61,78.263,0,0,797,78,TypeScript,false,100.000,10,232,Software Development
languagetool-org/languagetool,13355,118,67,26,2,8.836,0,0,4367,206,Java,false,100.000,10,131,Miscellaneous
leantime/leantime,5577,99,42,20,1,17.751,0,7,3834,132,PHP,false,80.000,3,53,Software Development
ledgersmb/LedgerSMB,483,3,2,1,0,6.211,3,5,4127,34,Perl,false,48.000,2,12,Resource Planning
LeedRSS/Leed,223,0,0,0,0,0.000,45,234,4513,18,PHP,false,0.000,0,0,Feed Readers
LemmyNet/lemmy,13927,79,35,15,2,5.672,0,0,2351,257,Rust,false,100.000,5,38,Communication
leon-ai/leon,16497,109,47,22,5,6.607,0,91,2355,18,TypeScript,false,50.000,0,0,Automation
javalikescript/lha,8,0,0,0,0,0.000,183,18,2316,1,Lua,false,12.000,1,4,Internet of Things (IoT)
LibreTranslate/LibreTranslate,12037,277,120,48,4,23.012,0,2,1677,213,Python,false,100.000,8,17,Miscellaneous
LibreBooking/app,526,20,6,2,1,38.023,0,0,1742,59,PHP,false,91.000,5,93,Booking and Scheduling
michaelstaake/LibreKB,42,0,0,0,0,0.000,45,4,443,2,PHP,false,32.000,1,3,Knowledge Management Tools
LibrePhotos/librephotos,7709,343,322,307,2,44.493,0,0,1715,58,Python,false,100.000,3,66,Photo Galleries
bashrc2/libreserver,38,0,0,0,0,0.000,67,7,1539,2,Shell,false,22.000,1,5,Self-hosting Solutions
LibreTime/libretime,872,6,3,1,1,6.881,0,7,3076,109,PHP,false,44.000,3,3,Media Streaming
Lidarr/Lidarr,4307,119,58,22,2,27.629,0,10,3000,479,C#,false,80.000,1,1,Media Management
TheWicklowWolf/LidaTube,265,8,6,3,0,30.189,2,1,659,1,Python,false,59.000,2,5,Media Management
TheWicklowWolf/Lidify,311,9,4,1,0,28.939,2,156,497,2,Python,false,12.000,0,0,Media Management
lichess-org/lila,16894,145,68,39,6,8.583,0,0,4901,462,Scala,false,100.000,22,511,Games
limbas/limbas,56,1,1,1,0,17.857,1,22,4452,1,PHP,false,20.000,1,1,Database Management
LimeSurvey/LimeSurvey,3197,43,14,6,1,13.450,0,0,4923,236,JavaScript,false,95.000,13,64,Polls and Events
Kovah/LinkAce,3029,46,18,7,0,15.187,1,9,2527,20,PHP,false,47.000,1,3,Bookmarks and Link Sharing
sissbruecker/linkding,8678,161,73,30,2,18.553,0,1,2218,102,Python,false,100.000,3,5,Bookmarks and Link Sharing
LinkStackOrg/LinkStack,3004,97,46,26,2,32.290,0,50,1255,32,PHP,false,56.000,0,0,Personal Dashboards
linkwarden/linkwarden,13076,456,178,90,16,34.873,0,4,1202,66,TypeScript,false,100.000,2,212,Bookmarks and Link Sharing
GameServerManagers/LinuxGSM,4581,28,13,6,1,6.112,0,36,4366,204,Shell,false,41.000,0,0,Games
knadh/listmonk,17443,260,156,114,11,14.906,0,3,2220,205,Go,false,98.000,8,14,Communication
shurco/litecart,243,6,4,3,1,24.691,0,29,732,7,Go,false,34.000,1,8,E-commerce
Litlyx/litlyx,1522,53,33,24,3,34.823,0,58,420,7,Vue,false,56.000,0,0,Analytics
sethcottle/littlelink,2332,60,37,26,3,25.729,0,24,2041,41,HTML,false,60.000,1,1,Personal Dashboards
LiveHelperChat/livehelperchat,2097,20,10,9,3,9.537,0,0,4610,60,PHP,false,91.000,2,75,Communication
livebook-dev/livebook,5422,42,19,11,3,7.746,0,7,1658,160,Elixir,false,57.000,3,9,Note-taking & Editors
live-codes/livecodes,1064,31,9,6,2,29.135,0,15,1656,12,TypeScript,false,55.000,2,55,Software Development
MrBrax/LiveStreamDVR,404,10,5,3,1,24.752,0,183,2057,6,TypeScript,false,22.000,0,0,Archiving and Digital Preservation (DP)
explodingcamera/liwan,66,9,4,3,1,136.364,0,10,404,1,Rust,false,44.000,1,4,Analytics
epoupon/lms,1346,25,12,6,0,18.574,1,1,3950,16,C++,false,75.000,1,51,Media Streaming
Tanq16/local-content-share,303,20,9,3,0,66.007,3,67,823,2,HTML,false,21.000,0,0,Pastebins
Lessify/localess,60,2,1,1,0,33.333,1,7,1174,1,TypeScript,false,38.000,2,18,Content Management Systems (CMS)
Lodestone-Team/lodestone,971,10,8,6,1,10.299,0,317,1205,26,Rust,false,27.000,0,0,Games
lomorage/homepage,234,2,0,0,0,8.547,18,248,2304,5,HTML,false,4.000,0,0,Photo Galleries
loomio/loomio,2466,14,5,2,0,5.677,2,0,5007,78,Ruby,false,76.000,2,60,Communication
lowdefy/lowdefy,2835,15,6,4,1,5.291,0,229,1756,22,JavaScript,false,31.000,0,0,Software Development
luanti-org/luanti,11665,127,70,46,1,10.887,0,1,5099,804,C++,false,100.000,26,76,Games
hargata/lubelog,1666,50,22,14,2,30.012,0,14,570,12,JavaScript,false,60.000,1,35,Miscellaneous
luraproject/lura,6589,24,15,9,0,3.642,1,28,3183,39,Go,false,37.000,1,4,Software Development
LycheeOrg/Lychee,3799,34,13,9,2,8.950,0,0,2542,111,PHP,false,95.000,2,30,Photo Galleries
foxcpp/maddy,5613,40,21,10,2,7.126,0,136,3180,63,Go,false,40.000,0,0,Communication
hywax/mafl,538,18,9,7,2,33.457,0,116,578,11,TypeScript,false,31.000,0,0,Personal Dashboards
magento/magento2,11869,45,25,12,0,3.791,1,0,4984,3070,PHP,false,90.000,42,386,E-commerce
mail-in-a-box/mailinabox,14678,141,34,14,6,9.606,0,2,4354,221,Python,false,94.000,3,8,Communication
mailcow/mailcow-dockerized,10791,236,85,39,5,21.870,0,9,3148,357,JavaScript,false,86.000,2,12,Communication
Mailu/Mailu,6658,105,50,21,4,15.771,0,43,3482,197,Python,false,56.000,0,0,Communication
mainsail-crew/mainsail,1928,16,7,2,0,8.299,3,32,1984,123,Vue,false,27.000,0,0,Manufacturing
krateng/maloja,1408,23,10,6,0,16.335,1,66,2430,28,Python,false,25.000,0,0,Media Streaming
intri-in/manage-my-damn-life-nextjs,368,18,6,1,0,48.913,2,33,834,6,JavaScript,false,27.000,0,0,Calendar & Contacts
managemeals/manage-meals-web,46,0,0,0,0,0.000,37,104,527,1,Svelte,false,0.000,0,0,Recipe Management
mnfst/manifest,2865,165,57,22,9,57.592,0,12,1030,19,TypeScript,false,92.000,4,85,Software Development
manticoresoftware/manticoresearch,10963,311,250,239,217,28.368,0,0,2948,57,C++,false,100.000,10,128,Search Engines
mantisbt/mantisbt,1714,10,7,3,1,5.834,0,0,5503,137,PHP,false,73.000,2,11,Ticketing
manyfold3d/manyfold,1310,56,25,12,2,42.748,0,0,1629,34,Ruby,false,100.000,3,272,Manufacturing
mastodon/mastodon,48630,201,92,37,7,4.133,0,0,3439,961,Ruby,false,100.000,14,167,Communication
mataroa-blog/mataroa,297,5,2,1,1,16.835,0,12,1883,12,Python,false,44.000,1,2,Blogging Platforms
sergree/matchering,2150,43,27,13,2,20.000,0,2,2490,3,Python,false,82.000,1,2,Automation
centerofci/mathesar,4262,69,23,16,2,16.190,0,1,1589,119,Svelte,false,90.000,8,117,Database Management
matomo-org/matomo,20700,113,55,32,9,5.459,0,0,5229,387,PHP,false,100.000,11,28,Analytics
mattermost/mattermost,33188,330,141,74,11,9.943,0,0,3692,1064,TypeScript,false,100.000,45,177,Communication
mautic/mautic,8343,121,49,19,4,14.503,0,0,4357,393,PHP,false,100.000,21,347,Communication
maybe-finance/maybe,52033,7486,7232,7130,1370,143.870,0,0,569,149,Ruby,false,100.000,9,46,"Money, Budgeting & Management"
tanrax/maza-ad-blocking,1838,7,2,0,0,3.808,11,212,2029,5,Shell,false,7.000,0,0,DNS
mealie-recipes/mealie,9647,284,152,75,14,29.439,0,0,1690,189,Python,false,100.000,12,118,Recipe Management
mediacms-io/mediacms,3637,93,50,15,0,25.571,1,16,1681,38,JavaScript,false,56.000,4,11,Media Streaming
pymedusa/Medusa,1880,6,3,0,0,3.191,8,222,3439,292,Python,false,7.000,0,0,Media Management
medusajs/medusa,30012,527,221,123,23,17.560,0,0,2013,369,TypeScript,false,100.000,22,136,E-commerce
Arthi-chaud/Meelo,864,61,14,4,1,70.602,0,0,1175,7,TypeScript,false,95.000,3,211,Media Streaming
aaronpk/Meetable,144,2,2,1,0,13.889,3,189,2047,6,PHP,false,12.000,0,0,Polls and Events
meilisearch/MeiliSearch,52480,552,249,122,14,10.518,0,8,2648,196,Rust,false,92.000,10,177,Search Engines
dmpop/mejiro,175,1,1,0,0,5.714,12,57,4385,10,PHP,false,11.000,0,0,Photo Galleries
usememos/memos,43074,1109,499,217,33,25.746,0,0,1323,312,Go,false,100.000,13,118,Note-taking & Editors
cfu288/mere-medical,114,3,2,1,0,26.316,5,201,1027,2,TypeScript,false,12.000,0,0,Health and Fitness
pvcnt/mergeable,97,3,1,1,0,30.928,3,51,721,7,TypeScript,false,18.000,0,0,Software Development
Ylianst/MeshCentral,5255,124,47,18,2,23.597,0,1,2886,116,HTML,false,100.000,8,21,Remote Access
metabase/metabase,42926,533,247,158,76,12.417,0,0,3824,453,Clojure,false,100.000,59,508,Analytics
JVT038/MetaTube,357,3,2,0,0,8.403,9,291,1356,2,Python,false,7.000,0,0,Media Management
alexta69/metube,9519,305,146,79,11,32.041,0,2,2063,54,TypeScript,false,100.000,3,6,Media Management
Canop/miaou,548,3,2,1,0,5.474,2,256,4269,22,JavaScript,false,12.000,0,0,Communication
microweber/microweber,3287,16,7,3,0,4.868,3,80,5404,56,HTML,false,21.000,0,0,E-commerce
middlewarehq/middleware,1343,23,8,6,1,17.126,0,7,478,29,TypeScript,false,57.000,4,4,Analytics
zer0tonin/Mikochi,323,7,3,0,0,21.672,7,14,925,5,JavaScript,false,17.000,1,1,File Transfer
mindsdb/mindsdb,34766,2205,1376,255,23,63.424,0,0,2547,798,Python,false,100.000,14,113,Database Management
Anuken/Mindustry,24389,250,116,58,8,10.251,0,0,3007,671,Java,false,100.000,21,140,Games
b310-digital/mindwendel,113,2,0,0,0,17.699,14,35,1646,5,Elixir,false,10.000,0,0,Software Development
miniflux/v2,7820,101,47,26,3,12.916,0,0,2803,265,Go,false,100.000,6,88,Feed Readers
mcarbonne/minimal-git-server,30,3,1,0,0,100.000,8,7,548,2,Shell,false,29.000,2,2,Software Development
pereorga/minimalist-web-notepad,1277,12,5,5,0,9.397,1,326,4736,10,PHP,false,16.000,0,0,Note-taking & Editors
minio/minio,53955,720,287,137,26,13.344,0,0,3843,503,Go,false,100.000,10,12,File Transfer
svenstaro/miniserve,6851,98,34,16,1,14.304,0,11,2645,60,Rust,false,80.000,5,22,File Transfer
minthcm/minthcm,189,4,3,1,0,21.164,1,40,2228,4,PHP,false,18.000,0,0,Human Resources Management (HRM)
Accessory/minus_games,25,1,1,0,0,40.000,7,0,370,2,Rust,false,57.000,1,4,Games
miroslavpejic85/mirotalkc2c,292,5,4,2,0,17.123,1,0,963,3,JavaScript,false,68.000,1,15,Communication
miroslavpejic85/mirotalk,3630,57,28,16,3,15.702,0,0,1664,22,JavaScript,false,100.000,2,39,Communication
miroslavpejic85/mirotalksfu,2391,24,10,7,2,10.038,0,0,1437,10,JavaScript,false,95.000,1,57,Communication
rafalp/Misago,2653,16,6,4,1,6.031,0,0,4779,40,Python,false,83.000,2,5,Communication
misskey-dev/misskey,10642,67,31,14,3,6.296,0,5,3132,303,TypeScript,false,90.000,10,97,Communication
DDVTECH/mistserver,433,5,0,0,0,11.547,17,9,4679,39,C,false,30.000,3,12,Media Streaming
inovector/MixpostApp,102,2,2,0,0,19.608,8,56,874,1,PHP,false,13.000,0,0,Analytics
modoboa/modoboa,3294,33,17,10,2,10.018,0,1,4481,91,Python,false,85.000,6,89,Communication
modxcms/revolution,1381,2,1,0,0,1.448,12,6,5473,188,PHP,false,39.000,3,3,Content Management Systems (CMS)
esl/MongooseIM,1699,3,3,2,0,1.766,2,8,5067,197,Erlang,false,42.000,4,22,Communication
monicahq/monica,23147,250,76,45,7,10.801,0,0,3079,37,PHP,false,100.000,1,8,Customer Relationship Management (CRM)
moode-player/moode,1125,11,6,2,0,9.778,1,2,2803,33,PHP,false,71.000,1,35,Media Streaming
mopidy/mopidy,8316,34,11,5,0,4.089,2,11,5691,132,Python,false,47.000,3,8,Media Streaming
mosparo/mosparo,237,3,3,0,0,12.658,7,16,1501,60,PHP,false,23.000,4,11,Miscellaneous
CatoTH/antragsgruen,122,0,0,0,0,0.000,33,7,4685,13,PHP,false,26.000,1,14,Conference Management
movim/movim,1806,10,4,3,0,5.537,2,2,3682,57,JavaScript,false,62.000,2,39,Communication
mjl-/mox,5104,77,47,11,2,15.086,0,44,905,16,Go,false,56.000,0,0,Communication
MusicPlayerDaemon/MPD,2423,47,13,4,1,19.397,0,23,4906,256,C++,false,55.000,1,21,Media Streaming
IrosTheBeggar/mStream,2282,9,5,2,0,3.944,2,107,3518,22,JavaScript,false,12.000,0,0,Media Streaming
multitheftauto/mtasa-blue,1536,12,7,4,2,7.812,0,0,3778,146,C++,false,91.000,9,52,Games
FoxxMD/multi-scrobbler,636,23,8,4,0,36.164,2,2,1716,12,TypeScript,false,75.000,2,76,Media Streaming
mumble-voip/mumble,7084,90,35,22,3,12.705,0,15,5262,402,C++,false,66.000,4,20,Communication
clangen/musikcube,4485,31,14,6,2,6.912,0,374,3780,43,C++,false,35.000,0,0,Media Streaming
mybb/mybb,1158,4,4,1,0,3.454,1,0,4788,132,PHP,false,72.000,4,71,Communication
mybucks-online/app,11,2,1,0,0,181.818,12,16,330,2,JavaScript,false,17.000,1,1,"Money, Budgeting & Management"
bouncepaw/mycorrhiza,343,4,3,2,1,11.662,0,21,1871,13,Go,false,34.000,1,6,Wikis
afaneca/myfin,176,10,5,3,1,56.818,0,18,2041,3,TypeScript,false,38.000,1,12,"Money, Budgeting & Management"
jason5ng32/MyIP,8734,222,98,39,7,25.418,0,27,609,6,Vue,false,74.000,1,2,Miscellaneous
mylar3/mylar3,1242,31,16,7,0,24.960,3,135,2018,75,Python,false,25.000,0,0,Automation
gnmyt/myspeed,1555,104,74,62,3,66.881,0,0,1205,5,JavaScript,false,100.000,2,48,Miscellaneous
maxpozdeev/mytinytodo,179,1,0,0,0,5.587,26,0,4194,9,PHP,false,54.000,2,3,Task Management & To-do Lists
n8n-io/n8n,123055,12005,6491,3894,394,97.558,0,0,2224,499,TypeScript,false,100.000,42,339,Automation
navidrome/navidrome,15591,506,222,102,23,32.455,0,0,3437,180,Go,false,100.000,9,59,Media Streaming
lardbit/nefarious,1151,14,6,2,0,12.163,1,42,2440,10,Python,false,27.000,0,0,Media Management
m1k1o/neko,12153,1581,313,180,91,130.091,0,16,1957,49,Go,false,80.000,1,1,Miscellaneous
AlexSciFier/neonlink,359,7,4,2,0,19.499,1,36,1192,3,JavaScript,false,18.000,0,0,Bookmarks and Link Sharing
lutzroeder/netron,31010,525,183,68,9,16.930,0,0,5323,1,JavaScript,false,100.000,1,63,Analytics
samuelclay/NewsBlur,7111,21,10,3,0,2.953,2,9,6043,91,Objective-C,false,47.000,2,6,Feed Readers
pulsejet/memories,3552,41,22,10,0,11.543,2,0,1076,39,Vue,false,90.000,3,47,Photo Galleries
nextcloud/server,30245,424,159,68,11,14.019,0,0,3339,1123,PHP,false,100.000,35,414,File Transfer & Synchronization
nextcloud/nextcloudpi,2760,33,14,7,0,11.957,1,121,3083,300,Shell,false,25.000,0,0,Self-hosting Solutions
NginxProxyManager/nginx-proxy-manager,27615,921,230,114,18,33.351,0,14,2772,201,JavaScript,false,82.000,4,53,Web Servers
nginx/nginx,27526,332,153,83,15,12.061,0,0,3683,94,C,false,100.000,1,12,Web Servers
ngircd/ngircd,486,7,2,2,0,14.403,1,293,4950,40,C,false,12.000,0,0,Communication
nocodb/nocodb,55984,691,332,221,30,12.343,0,0,2824,316,TypeScript,false,100.000,11,1434,Database Management
node-red/node-red,21580,197,97,52,6,9.129,0,14,4339,232,JavaScript,false,74.000,4,9,Internet of Things (IoT)
NodeBB/NodeBB,14679,61,25,14,3,4.156,0,35,4475,218,JavaScript,false,46.000,0,0,Communication
osm-search/Nominatim,3651,62,28,18,2,16.982,0,2,4890,104,Python,false,90.000,1,50,Maps and Global Positioning System (GPS)
not-three/main,9,1,1,1,0,111.111,3,32,502,1,Shell,false,16.000,0,0,Pastebins
enchant97/note-mark,557,38,34,31,0,68.223,1,5,1616,5,TypeScript,false,76.000,1,18,Note-taking & Editors
notifo-io/notifo,824,6,2,2,0,7.282,5,17,1675,9,C#,false,22.000,1,1,Communication
novuhq/novu,37305,209,96,44,7,5.602,0,0,1427,423,TypeScript,false,100.000,13,166,Communication
binwiederhier/ntfy,25317,1687,411,190,33,66.635,0,1,1369,269,Go,false,100.000,10,64,Communication
apankrat/nullboard,4031,12,7,3,0,2.977,1,626,2278,7,HTML,false,21.000,0,0,Task Management & To-do Lists
MayaPosch/NymphCast,2479,7,4,2,1,2.824,0,13,2358,7,C,false,48.000,1,11,Media Streaming
octobercms/october,11111,26,12,8,2,2.340,0,0,4257,363,PHP,false,91.000,7,16,Content Management Systems (CMS)
Drakkar-Software/OctoBot,4269,98,49,26,3,22.956,0,1,2707,14,Python,false,96.000,2,16,"Money, Budgeting & Management"
octobox/octobox,4406,8,2,1,0,1.816,6,0,3141,116,Ruby,false,72.000,2,39,Software Development
OctoPrint/OctoPrint,8631,35,15,5,1,4.055,0,31,4587,259,Python,false,41.000,0,0,Manufacturing
simonwep/ocular,240,12,5,4,1,50.000,0,52,1217,9,Vue,false,32.000,0,0,"Money, Budgeting & Management"
kensanata/oddmuse,85,2,0,0,0,23.529,18,7,3804,17,Perl,false,30.000,1,13,Wikis
odoo/odoo,44558,879,513,157,21,19.727,0,0,4089,3265,Python,false,100.000,207,456,Resource Planning
apache/ofbiz-framework,914,14,6,1,1,15.317,0,5,3083,83,Java,false,63.000,4,9,Resource Planning
offen/offen,948,8,4,0,0,8.439,7,98,2296,14,JavaScript,false,7.000,0,0,Analytics
OliveTin/OliveTin,3112,62,26,10,0,19.923,1,2,1538,15,Go,false,76.000,2,12,Automation
ollama/ollama,147406,3083,1449,737,140,20.915,0,0,758,498,Go,false,100.000,19,53,Generative Artificial Intelligence (GenAI)
Ombi-app/Ombi,3916,30,17,6,0,7.661,1,11,3436,123,C#,false,47.000,2,10,Media Management
omeka/omeka-s,439,1,0,0,0,2.278,29,1,4363,38,PHP,false,48.000,4,12,Archiving and Digital Preservation (DP)
omeka/Omeka,508,0,0,0,0,0.000,43,6,5137,49,PHP,false,32.000,1,5,Content Management Systems (CMS)
onetimesecret/onetimesecret,2443,38,18,9,2,15.555,0,12,4557,9,Ruby,false,65.000,2,21,Communication
onionshare/onionshare,6585,39,23,13,4,5.923,0,14,4082,243,Python,false,52.000,2,2,File Transfer
ONLYOFFICE/DocumentServer,5653,106,43,24,3,18.751,0,15,4036,61,Shell,false,62.000,4,6,Office Suites
gunet/openeclass,142,0,0,0,0,0.000,57,48,3738,25,PHP,false,6.000,0,0,Learning and Courses
openfoodfoundation/openfoodnetwork,1184,5,1,1,0,4.223,4,0,4663,267,Ruby,false,72.000,7,63,Community-Supported Agriculture (CSA)
open-meteo/open-meteo,3435,121,69,37,14,35.226,0,0,1490,56,Swift,false,100.000,3,31,Miscellaneous
Epic-Breakfast-Productions/OpenQuarterMaster,38,3,1,0,0,78.947,11,1,1608,8,Java,false,49.000,1,4,Inventory Management
opensourcepos/opensourcepos,3790,39,11,5,1,10.290,0,7,4257,191,PHP,false,57.000,1,5,E-commerce
Project-OSRM/osrm-backend,6968,72,40,18,2,10.333,0,75,5053,189,C++,false,50.000,0,0,Maps and Global Positioning System (GPS)
open-webui/open-webui,103745,4044,1852,910,130,38.980,0,4,656,592,JavaScript,false,100.000,36,515,Generative Artificial Intelligence (GenAI)
TheAxelander/OpenBudgeteer,869,11,6,3,2,12.658,0,3,1356,8,C#,false,63.000,2,2,"Money, Budgeting & Management"
opencart/opencart,7853,35,11,5,0,4.457,2,0,5105,389,PHP,false,85.000,5,240,E-commerce
openemr/openemr,3574,61,29,13,1,17.068,0,0,5542,238,PHP,false,100.000,9,99,Health and Fitness
igniterealtime/Openfire,2946,12,4,2,0,4.073,1,1,4126,142,Java,false,66.000,6,50,Communication
thomiceli/opengist,2505,79,41,18,8,31.537,0,22,835,61,Go,false,64.000,2,2,Pastebins
openhab/openhab-core,1039,11,7,6,4,10.587,0,0,3503,304,Java,false,91.000,16,43,Internet of Things (IoT)
openmediavault/openmediavault,5877,81,42,19,5,13.783,0,0,3368,66,PHP,false,100.000,2,55,Self-hosting Solutions
apache/openmeetings,660,4,4,3,1,6.061,0,1,3786,32,Java,false,64.000,1,7,Groupware
OpenOLAT/OpenOLAT,372,2,0,0,0,5.376,17,0,2673,15,Java,false,64.000,4,252,Learning and Courses
OpenOlitor/openolitor-server,20,0,0,0,0,0.000,245,2,3535,13,Scala,false,50.000,2,28,Community-Supported Agriculture (CSA)
opf/openproject,11564,279,128,67,8,24.127,0,0,4620,270,Ruby,false,100.000,28,1085,Software Development
openremote/openremote,1469,36,15,11,2,24.506,0,0,3458,42,Java,false,95.000,11,28,Internet of Things (IoT)
GIScience/openrouteservice,1680,45,32,6,1,26.786,0,5,2872,64,Java,false,82.000,2,3,Maps and Global Positioning System (GPS)
opensearch-project/OpenSearch,11197,211,110,41,7,18.844,0,0,1636,427,Java,false,100.000,42,92,Search Engines
opensignlabs/opensign,5010,265,203,189,4,52.894,0,0,660,33,JavaScript,false,100.000,3,14,Document Management
OpenSIPS/opensips,1376,14,5,2,0,10.174,3,0,4458,138,C,false,76.000,10,28,Communication
OpenSlides/OpenSlides,555,8,2,2,1,14.414,0,0,4740,47,Shell,false,78.000,5,12,Conference Management
openstreetmap/openstreetmap-website,2439,30,7,4,0,12.300,1,0,5562,229,Ruby,false,85.000,10,318,Maps and Global Positioning System (GPS)
HaschekSolutions/opentrashmail,704,5,3,2,0,7.102,3,0,2171,17,PHP,false,64.000,2,2,Communication
opentripplanner/OpenTripPlanner,2388,23,10,7,0,9.631,2,0,5119,194,Java,false,85.000,12,121,Maps and Global Positioning System (GPS)
OpenTTD/OpenTTD,7019,64,32,14,2,9.118,0,0,2665,202,C++,false,100.000,10,88,Games
openziti/ziti,3462,71,36,16,3,20.508,0,5,2070,46,Go,false,90.000,3,38,Miscellaneous
operational-co/operational.co,340,24,12,5,1,70.588,0,3,655,2,Vue,false,67.000,1,10,Miscellaneous
comet-ml/opik,11677,1511,722,290,40,129.400,0,0,805,62,Python,false,100.000,30,236,Software Development
JhumanJ/opnform,2686,35,20,11,1,13.031,0,0,1037,29,PHP,false,91.000,2,20,Polls and Events
orangehrm/orangehrm,937,15,7,4,1,16.009,0,369,3122,43,PHP,false,31.000,0,0,Human Resources Management (HRM)
openSUSE/osem,899,8,7,2,0,8.899,3,134,4688,156,Ruby,false,17.000,0,0,Conference Management
opensource-socialnetwork/opensource-socialnetwork,1140,9,3,1,0,7.895,6,3,3981,24,PHP,false,42.000,1,1,Communication
RotherOSS/otobo,300,5,5,3,0,16.667,3,0,2001,61,Perl,false,72.000,5,95,Ticketing
Luzifer/ots,588,16,3,3,1,27.211,0,0,2911,21,Go,false,86.000,1,42,Communication
redimp/otterwiki,951,20,10,2,1,21.030,0,3,2576,12,Python,false,67.000,1,15,Wikis
nanawel/our-shopping-list,134,5,2,1,0,37.313,1,18,1542,14,JavaScript,false,24.000,1,5,Task Management & To-do Lists
Jigsaw-Code/outline-server,6020,33,16,10,1,5.482,0,114,2689,44,TypeScript,false,35.000,0,0,Proxy
outline/outline,32992,444,215,92,15,13.458,0,0,3349,202,TypeScript,false,100.000,10,125,Wikis
AirenSoft/OvenMediaEngine,2805,24,4,1,0,8.556,5,0,2581,56,C++,false,80.000,5,55,Media Streaming
overleaf/overleaf,16297,389,96,40,5,23.869,0,0,4183,136,JavaScript,false,100.000,26,271,Note-taking & Editors
sct/overseerr,4620,68,35,14,1,14.719,0,20,1803,214,TypeScript,false,62.000,1,3,Media Management
owncast/owncast,10350,108,50,21,3,10.435,0,1,1887,164,Go,false,100.000,9,65,Media Streaming
owncloud/core,8574,26,8,2,0,3.032,3,5,4715,633,PHP,false,65.000,5,21,File Transfer & Synchronization
owntracks/recorder,1022,27,11,8,0,26.419,0,32,3631,45,C,false,31.000,0,0,Maps and Global Positioning System (GPS)
OXID-eSales/oxideshop_ce,238,0,0,0,0,0.000,68,1,4490,134,PHP,false,50.000,7,42,E-commerce
WardPearce/paaster,484,5,2,1,0,10.331,1,5,1238,5,Svelte,false,52.000,2,32,Pastebins
schlagmichdoch/pairdrop,8162,616,192,86,11,75.472,0,148,928,119,JavaScript,false,62.000,0,0,File Transfer
panoratech/Panora,1011,13,5,2,1,12.859,0,208,669,18,TypeScript,false,26.000,0,0,Software Development
paperless-ngx/paperless-ngx,29509,1048,450,263,32,35.515,0,0,1257,364,Python,false,100.000,8,39,Document Management
papermerge/papermerge-core,369,7,3,2,0,18.970,3,1,1674,8,TypeScript,false,62.000,1,35,Document Management
papra-hq/papra,1978,633,165,82,10,320.020,0,9,203,13,TypeScript,false,92.000,7,32,Document Management
erudika/para,549,7,4,0,0,12.750,9,11,4154,14,Java,false,27.000,1,1,Software Development
Part-DB/Part-DB-server,1256,31,21,11,2,24.682,0,17,2342,34,PHP,false,56.000,3,11,Inventory Management
passbolt/passbolt_api,5173,64,28,19,9,12.372,0,7,3439,346,PHP,false,72.000,7,115,Password Managers
Rabbit-Company/Passky-Server,224,4,3,3,1,17.857,0,260,1573,6,PHP,false,22.000,0,0,Password Managers
pglombardo/PasswordPusher,2522,50,23,14,4,19.826,0,0,4956,49,Ruby,false,100.000,4,75,Pastebins
interaapps/pastefy,342,13,9,7,1,38.012,0,63,2314,7,Vue,false,31.000,0,0,Pastebins
payloadcms/payload,36483,866,348,189,32,23.737,0,0,1660,412,TypeScript,false,100.000,33,168,Content Management Systems (CMS)
mrmn2/PdfDing,1040,46,20,8,0,44.231,3,94,239,3,Python,false,25.000,0,0,Document Management
Peergos/Peergos,2195,24,15,7,0,10.934,1,4,4352,13,Java,false,65.000,1,61,File Transfer & Synchronization
Chocobozzz/PeerTube,13876,98,39,17,0,7.063,0,0,3555,481,TypeScript,false,100.000,16,101,Media Streaming
pelican-dev/panel,1466,72,42,22,4,49.113,0,1,492,197,PHP,false,100.000,9,43,Games
penpot/penpot,39248,575,252,131,18,14.650,0,0,3494,205,Clojure,false,100.000,24,277,Miscellaneous
sbrl/Pepperminty-Wiki,200,1,0,0,0,5.000,29,319,3893,10,PHP,false,2.000,0,0,Wikis
ItzCrazyKns/Perplexica,23241,785,215,115,13,33.777,0,1,470,37,TypeScript,false,100.000,6,38,Generative Artificial Intelligence (GenAI)
Volmarg/personal-management-system,3482,75,55,46,9,21.539,0,0,2311,7,PHP,false,100.000,1,17,Personal Dashboards
SmilyOrg/photofield,508,6,1,0,0,11.811,7,3,1865,4,Go,false,39.000,1,5,Photo Galleries
photoprism/photoprism,37950,288,132,73,8,7.589,0,1,2734,181,Go,false,100.000,7,153,Photo Galleries
photoview/photoview,6018,72,28,14,0,11.964,2,0,2208,72,TypeScript,false,90.000,4,22,Photo Galleries
phpbb/phpbb,1950,14,6,3,0,7.179,1,2,5623,228,PHP,false,71.000,4,51,Communication
phpList/phplist3,801,5,3,1,0,6.242,1,57,3787,75,PHP,false,18.000,0,0,Communication
pi-hole/pi-hole,52680,422,208,93,8,8.011,0,9,4063,236,Shell,false,92.000,8,31,DNS
mtlynch/picoshare,2575,28,13,4,2,10.874,0,3,1256,13,Go,false,67.000,1,10,File Transfer
CaramelFur/Picsur,1066,13,6,3,0,12.195,2,252,1248,3,TypeScript,false,21.000,0,0,File Transfer
HaschekSolutions/pictshare,879,4,0,0,0,4.551,16,78,3557,21,JavaScript,false,4.000,0,0,File Transfer
bpatrik/pigallery2,1951,26,10,4,0,13.326,1,1,3420,66,TypeScript,false,75.000,1,23,Photo Galleries
jsuto/piler,171,9,2,1,0,52.632,6,25,472,16,PHP,false,24.000,1,4,Communication
pimcore/pimcore,3602,24,8,5,0,6.663,2,0,5014,527,PHP,false,85.000,19,66,Content Management Systems (CMS)
kieraneglin/pinchflat,3370,137,67,47,6,40.653,0,47,552,10,Elixir,false,68.000,0,0,Media Management
madeofpendletonwool/PinePods,464,38,29,11,0,81.897,1,6,1055,11,Rust,false,70.000,2,109,Media Streaming
piqueserver/piqueserver,226,3,0,0,0,13.274,26,28,3130,39,Python,false,14.000,1,1,Games
Piwigo/Piwigo,3517,31,21,8,1,8.814,0,0,3651,69,PHP,false,96.000,5,16,Photo Galleries
pixelfed/pixelfed,6662,46,22,12,2,6.905,0,1,2655,172,PHP,false,90.000,3,29,Communication
alextselegidis/plainpad,344,4,4,1,1,11.628,0,2,2088,3,PHP,false,64.000,2,2,Note-taking & Editors
makeplane/plane,37452,706,316,181,46,18.851,0,0,977,139,TypeScript,false,100.000,20,147,Software Development
plankanban/planka,10314,345,154,101,6,33.450,0,0,2154,135,JavaScript,false,100.000,9,34,Task Management & To-do Lists
plausible/analytics,22948,249,102,46,10,10.851,0,0,2423,113,Elixir,false,100.000,7,53,Analytics
PlexRipper/PlexRipper,463,20,9,3,0,43.197,1,3,1924,6,C#,false,61.000,1,53,Media Management
root-gg/plik,1594,17,12,5,1,10.665,0,40,3748,30,Go,false,37.000,0,0,File Transfer
mynaparrot/plugNmeet-server,379,13,5,3,1,34.301,0,4,1245,3,Go,false,66.000,4,34,Communication
pluxml/PluXml,229,1,1,0,0,4.367,8,121,4746,31,PHP,false,5.000,0,0,Blogging Platforms
pocketbase/pocketbase,49381,1524,558,205,53,30.862,0,5,1115,56,Go,false,100.000,1,17,Software Development
SamTV12345/PodFetch,420,10,4,2,0,23.810,2,4,886,15,Rust,false,48.000,2,13,Media Management
agersant/polaris,2286,33,6,2,1,14.436,0,7,3266,18,Rust,false,55.000,1,1,Media Streaming
pomerium/pomerium,4354,44,25,11,0,10.106,1,0,2396,88,Go,false,90.000,6,60,Web Servers
joho1968/POMjs,42,0,0,0,0,0.000,31,729,1008,2,JavaScript,false,0.000,0,0,Miscellaneous
kodehat/portkey,60,5,4,2,0,83.333,1,6,519,1,Go,false,44.000,2,6,Personal Dashboards
abrenaut/posio,647,7,4,2,1,10.819,0,360,3309,7,Python,false,22.000,0,0,Games
postalserver/postal,15718,97,51,23,2,6.171,0,77,3017,43,Ruby,false,60.000,0,0,Communication
posthog/posthog,27935,638,273,146,24,22.839,0,0,2008,326,Python,false,100.000,79,1047,Analytics
gitroomhq/postiz-app,22661,766,257,96,13,33.803,0,0,746,60,TypeScript,false,100.000,5,204,Analytics
leozqin/precis,64,1,1,1,0,15.625,6,221,473,1,Python,false,10.000,0,0,Feed Readers
PrestaShop/PrestaShop,8667,56,27,16,4,6.461,0,0,4629,870,PHP,false,100.000,22,198,E-commerce
pretalx/pretalx,815,10,3,3,0,12.270,1,7,3071,147,Python,false,42.000,2,59,Conference Management
pretix/pretix,2137,20,7,1,0,9.359,3,5,3971,359,Python,false,61.000,12,66,E-commerce
prismelabs/analytics,105,7,2,2,0,66.667,3,2,563,1,Go,false,62.000,1,23,Analytics
PrivateBin/PrivateBin,7381,104,54,32,6,14.090,0,0,3302,131,PHP,false,100.000,8,220,Pastebins
projectsend/projectsend,1646,43,32,10,2,26.124,0,7,4152,56,PHP,false,72.000,2,2,File Transfer
psi-4ward/psitransfer,1718,32,23,8,1,18.626,0,49,3013,29,JavaScript,false,46.000,0,0,File Transfer
pterodactyl/panel,7862,153,61,28,6,19.461,0,35,3517,169,PHP,false,68.000,0,0,Games
publify/publify,1849,5,2,2,0,2.704,3,15,6117,81,Less,false,24.000,2,2,Content Management Systems (CMS)
pufferpanel/pufferpanel,1549,16,8,6,1,10.329,0,9,4293,48,Go,false,53.000,1,8,Games
pushbits/server,342,1,0,0,0,2.924,20,55,1824,3,Go,false,8.000,0,0,Communication
heyputer/puter,34112,623,330,216,63,18.263,0,0,508,265,JavaScript,false,100.000,9,118,File Transfer & Synchronization
pydio/cells,2002,25,12,7,0,12.488,1,0,2678,16,Go,false,85.000,5,87,File Transfer & Synchronization
pyload/pyload,3542,28,13,6,2,7.905,0,2,4546,172,Python,false,81.000,4,14,Automation
qbittorrent/qBittorrent,32198,542,228,110,13,16.833,0,2,4918,369,C++,false,100.000,8,40,File Transfer
webkul/hotelcommerce,6562,652,210,121,43,99.360,0,16,3551,12,PHP,false,90.000,4,141,Booking and Scheduling
codidact/qpixel,419,10,10,4,0,23.866,2,0,2002,57,Ruby,false,77.000,5,424,Communication
quassel/quassel,747,4,1,1,0,5.355,2,18,4614,127,C++,false,32.000,12,21,Communication
ihexxa/quickshare,574,11,10,2,1,19.164,0,2,2622,4,Go,false,71.000,1,1,File Transfer
nymanjens/quizmaster,280,4,1,1,0,14.286,5,97,2109,7,Scala,false,12.000,0,0,Games
Radarr/Radarr,11840,164,74,32,6,13.851,0,0,3132,766,C#,false,100.000,5,9,Media Management
Kozea/Radicale,3856,66,31,12,0,17.116,2,1,5096,161,Python,false,90.000,6,104,Calendar & Contacts
lukevella/rallly,4557,105,37,15,4,23.041,0,0,3830,30,TypeScript,false,100.000,2,87,Booking and Scheduling
ryanlelek/Raneto,2842,9,3,3,0,3.167,1,44,4072,65,JavaScript,false,18.000,0,0,Wikis
hauxir/rapidbay,785,5,2,1,1,6.369,0,156,2445,2,Python,false,22.000,0,0,Media Streaming
gorcon/rcon-cli,565,8,4,4,1,14.159,0,45,2193,10,Go,false,28.000,0,0,Games
AmruthPillai/Reactive-Resume,32333,439,202,115,24,13.577,0,20,1946,139,TypeScript,false,77.000,1,2,Miscellaneous
lemon24/reader,498,7,5,1,1,14.056,0,15,2768,5,Python,false,32.000,1,1,Feed Readers
ncarlier/readflow,449,5,4,2,1,11.136,0,153,2299,9,Go,false,22.000,0,0,Feed Readers
Receipt-Wrangler/receipt-wrangler-api,144,6,4,0,0,41.667,10,42,1100,1,Go,false,13.000,0,0,"Money, Budgeting & Management"
julianpoy/recipesage,751,10,3,1,0,13.316,3,8,2390,44,TypeScript,false,42.000,8,95,Recipe Management
reaper47/recipya,355,6,3,2,0,16.901,2,1,1527,16,Go,false,54.000,2,4,Recipe Management
redeclipse/base,472,4,1,0,0,8.475,9,0,3823,52,C++,false,67.000,1,61,Games
getredash/redash,27587,147,76,50,29,5.329,0,0,4286,490,Python,false,100.000,7,10,Analytics
redaxo/redaxo,339,2,2,0,0,5.900,6,0,5498,80,PHP,false,57.000,8,23,Content Management Systems (CMS)
redlib-org/redlib,2265,179,58,31,5,79.029,0,3,575,51,Rust,false,92.000,3,10,Communication
r3-team/r3,467,14,6,0,0,29.979,12,2,1402,7,JavaScript,false,66.000,1,41,"Money, Budgeting & Management"
aleksilassila/reiverr,1886,172,64,8,0,91.198,1,152,763,11,TypeScript,false,50.000,0,0,Media Management
inducer/relate,413,2,2,1,0,4.843,6,8,4073,19,Python,false,38.000,2,18,Learning and Courses
umputun/remark42,5180,32,13,7,0,6.178,1,17,2773,132,Go,false,37.000,1,2,Communication
immense/Remotely,4858,41,11,5,1,8.440,0,218,2318,14,C#,false,35.000,0,0,Remote Access
bestpractical/rt,1042,13,6,4,1,12.476,0,0,5860,92,Perl,false,91.000,5,79,Ticketing
rero/rero-ils,78,0,0,0,0,0.000,98,1,2906,28,Python,false,46.000,5,17,Document Management
datarhei/restreamer,4465,44,22,11,3,9.854,0,142,3514,21,HTML,false,40.000,0,0,Media Streaming
JMBeresford/retrom,1208,37,8,6,0,30.629,2,0,461,2,TypeScript,false,85.000,2,23,Games
RetroShare/RetroShare,1829,10,1,0,0,5.467,13,0,3645,67,C++,false,67.000,4,51,Communication
retrospring/retrospring,289,5,1,1,0,17.301,5,23,3670,14,Ruby,false,32.000,1,36,Communication
hakimel/reveal.js,69186,174,80,56,7,2.515,0,86,5160,324,JavaScript,false,62.000,0,0,Miscellaneous
reviewboard/reviewboard,1635,9,2,1,1,5.505,0,6,5814,215,Python,false,54.000,1,7,Software Development
revive-adserver/revive-adserver,1349,13,6,4,2,9.637,0,17,4390,58,PHP,false,51.000,4,29,Miscellaneous
revoltchat/self-hosted,1400,27,18,9,1,19.286,0,5,1418,20,JavaScript,false,67.000,3,4,Communication
w4/rgit,172,3,1,1,0,17.442,1,59,1114,5,Rust,false,18.000,0,0,Software Development
roadiz/roadiz,375,0,0,0,0,0.000,36,188,3898,11,PHP,false,0.000,0,0,Content Management Systems (CMS)
robustirc/robustirc,183,0,0,0,0,0.000,53,76,3847,5,Go,false,0.000,0,0,Communication
RocketChat/Rocket.Chat,43053,261,138,71,5,6.062,0,0,3719,918,TypeScript,false,100.000,23,134,Communication
rommapp/romm,5711,1042,224,132,20,182.455,0,0,868,57,Python,false,100.000,9,327,Games
roundcube/roundcubemail,6425,81,47,18,6,12.607,0,3,4828,283,PHP,false,84.000,2,9,Communication
fonoster/routr,1553,21,10,6,0,13.522,1,6,3109,9,TypeScript,false,57.000,2,4,Communication
RSS-Bridge/rss-bridge,8107,59,26,11,1,7.278,0,4,4369,324,PHP,false,72.000,1,4,Feed Readers
pietheinstrengholt/rssmonster,454,1,1,1,0,2.203,2,6,4501,7,Vue,false,50.000,1,28,Feed Readers
rss2email/rss2email,413,1,1,1,0,2.421,5,97,2874,53,Python,false,10.000,0,0,Feed Readers
DIYgod/RSSHub,37882,478,213,111,25,12.618,0,0,2669,1246,TypeScript,false,100.000,34,175,Feed Readers
rstudio/rstudio,4837,19,10,5,0,3.928,1,1,5342,381,Java,false,71.000,11,56,Software Development
rudderlabs/rudder-server,4244,32,11,4,0,7.540,1,0,2197,105,Go,false,85.000,12,52,Analytics
orhun/rustypaste,946,12,6,6,1,12.685,0,2,1457,26,Rust,false,73.000,3,7,Pastebins
ignisda/ryot,2586,76,30,16,3,29.389,0,0,842,20,TypeScript,false,100.000,1,44,Personal Dashboards
s-cart/s-cart,719,7,3,3,1,9.736,0,0,1939,2,Blade,false,74.000,1,8,E-commerce
sabre-io/dav,1633,7,4,1,0,4.287,2,234,5038,106,PHP,false,12.000,0,0,Calendar & Contacts
chaitin/SafeLine,17173,364,137,70,13,21.196,0,13,833,29,Go,false,82.000,1,1,Web Servers
saleor/saleor,21828,148,72,47,2,6.780,0,0,4544,260,Python,false,100.000,16,76,E-commerce
SAMA-Communications/sama-server,123,3,1,1,0,24.390,6,0,1038,8,JavaScript,false,64.000,1,5,Communication
samvera/hyrax,189,0,0,0,0,0.000,32,8,3158,219,Ruby,false,22.000,5,9,Document Management
sandstorm-io/sandstorm,6870,15,6,3,1,2.183,0,41,4215,103,JavaScript,false,37.000,0,0,Self-hosting Solutions
PhiTux/schoco,26,0,0,0,0,0.000,103,127,988,2,Vue,false,0.000,0,0,Learning and Courses
hwgilbert16/scholarsome,632,14,10,4,0,22.152,1,365,1052,9,TypeScript,false,21.000,0,0,Learning and Courses
scm-manager/scm-manager,147,0,0,0,0,0.000,43,14,1963,41,Java,false,12.000,4,9,Software Development
Erudika/scoold,888,3,1,1,0,3.378,5,57,3092,29,Java,false,18.000,0,0,Communication
screego/server,8706,85,27,7,2,9.763,0,29,1833,18,Go,false,50.000,1,1,Communication
scribble-rs/scribble.rs,540,10,6,4,0,18.519,2,116,2233,30,Go,false,17.000,0,0,Games
haiwen/seafile,13401,162,85,38,7,12.089,0,19,4760,94,C,false,72.000,1,1,File Transfer & Synchronization
searxng/searxng,20630,818,369,174,21,39.651,0,0,1563,260,Python,false,100.000,9,59,Search Engines
seatsurfing/backend,229,12,6,1,0,52.402,5,3,1336,21,Go,false,61.000,5,71,Booking and Scheduling
seaweedfs/seaweedfs,25269,395,157,63,8,15.632,0,0,4027,354,Go,false,100.000,10,153,File Transfer
ibizaman/selfhostblocks,313,21,7,6,1,67.093,0,5,949,7,Nix,false,75.000,2,43,Self-hosting Solutions
fossar/selfoss,2422,7,3,0,0,2.890,7,129,5043,155,HTML,false,7.000,0,0,Feed Readers
getsentry/sentry,41517,391,245,68,8,9.418,0,0,5441,869,Python,false,100.000,121,1732,Software Development
s9y/serendipity,217,1,0,0,0,4.608,19,1,5023,49,PHP,false,44.000,1,8,Blogging Platforms
beromir/Servas,684,10,8,4,1,14.620,0,15,1170,2,Svelte,false,39.000,1,4,Bookmarks and Link Sharing
drakkan/sftpgo,10736,137,67,37,6,12.761,0,2,2195,69,Go,false,100.000,3,16,File Transfer
shaarli/Shaarli,3676,18,9,5,0,4.897,1,43,4015,9,PHP,false,27.000,0,0,Bookmarks and Link Sharing
sharetribe/sharetribe,2405,6,4,2,0,2.495,2,17,4807,80,Ruby,false,24.000,1,2,E-commerce
eikek/sharry,1056,21,15,7,0,19.886,3,1,2998,19,Elm,false,67.000,3,6,File Transfer
Shelf-nu/shelf.nu,2152,38,15,7,3,17.658,0,0,894,36,TypeScript,false,95.000,3,217,Inventory Management
shellhub-io/shellhub,1608,24,11,5,1,14.925,0,0,2260,38,Go,false,95.000,6,132,Remote Access
smallwat3r/shhh,401,0,0,0,0,0.000,54,6,2136,3,Python,false,32.000,1,6,Communication
TobySuch/Shifter,36,0,0,0,0,0.000,63,5,1552,5,Python,false,32.000,1,8,File Transfer
go-shiori/shiori,10678,93,45,22,1,8.709,0,11,2738,67,Go,false,72.000,5,5,Bookmarks and Link Sharing
vsys-host/shkeeper.io,397,22,10,8,1,55.416,0,2,1177,7,Python,false,77.000,1,3,"Money, Budgeting & Management"
shlinkio/shlink,4061,80,40,21,2,19.700,0,0,3393,22,PHP,false,100.000,1,42,URL Shorteners
shopware/platform,3108,37,20,11,0,11.905,1,0,2638,571,PHP,false,85.000,70,246,E-commerce
milesmcc/shynet,3052,11,7,4,2,3.604,0,217,1931,37,Python,false,31.000,0,0,Analytics
SickChill/SickChill,2434,7,3,2,1,2.876,0,316,3540,420,Python,false,22.000,0,0,Media Management
saimn/sigal,919,5,1,1,0,5.441,4,3,5219,61,JavaScript,false,44.000,1,2,Photo Galleries
24eme/signaturepdf,594,51,23,9,3,85.859,0,2,1542,31,JavaScript,false,90.000,9,103,Document Management
